BRAND;MODEL;COUNTRY_ORIGIN;COUNTRY_CODE
Mercedes;MERCEDES-BENZ GLЕ 400;Германия;DE
BMW;1 Series 3-door;Германия;DE
BMW;1 Series 5-door;Германия;DE
BMW;1 Series Convertible;Германия;DE
BMW;1 Series Coupe;Германия;DE
FSO;1.4 i 16V MPi Polonez III;Польша;PL
FSO;1.5 GL Polonez III;Польша;PL
FSO;1.6 GL Polonez III;Польша;PL
FSO;1.6 i GLi Polonez III;Польша;PL
Westfield;1.8 i;Виргинские о-ва (Британские);VG
FSO;1.9 D Polonez III;Польша;PL
ARO;10 16V;Румыния;RO
ARO;10 D;Румыния;RO
ARO;10 TD;Румыния;RO
ARO;10.2 Furgon;Румыния;RO
ARO;10.4 D;Румыния;RO
ARO;10-Jun;Румыния;RO
ARO;10.6 D;Румыния;RO
ARO;10-Sep;Румыния;RO
Skoda;100 Series;Чешская Республика;CZ
Peugeot;1007;Франция;FR
Nissan;100NX;Япония;JP
Skoda;105, 120;Чешская Республика;CZ
Peugeot;106;Франция;FR
Peugeot;107 3D;Франция;FR
Peugeot;107 3D 1.0;Франция;FR
Peugeot;107 5D;Франция;FR
Peugeot;107 5D 1.0;Франция;FR
ЗАЗ;110307-40;Украина;UA
ЗАЗ;110307-42;Украина;UA
ЗАЗ;110308-40;Украина;UA
ЗАЗ;110557-42;Украина;UA
ЗАЗ;110557-44;Украина;UA
ЗАЗ;110557-51;Украина;UA
ЗАЗ;110557-53;Украина;UA
ЗАЗ;110557-70;Украина;UA
ЗАЗ;110557-71;Украина;UA
Skoda;1200;Чешская Республика;CZ
Fiat;124 Spider;Италия;IT
Fiat;125;Италия;IT
Fiat;126;Италия;IT
Fiat;127;Италия;IT
Dacia;1310 1.4;Румыния;RO
Dacia;1310 1.6;Румыния;RO
ЗАЗ;1311-40;Украина;UA
ЗАЗ;1311-71;Украина;UA
Volvo;140 Series;Швеция;SE
Alfa Romeo;147 1.6L 5M;Италия;IT
Alfa Romeo;147 2.0L 5M;Италия;IT
Alfa Romeo;147 2.0L AT;Италия;IT
Alfa Romeo;159 1.9L MT;Италия;IT
Alfa Romeo;159 2.2L AT;Италия;IT
Alfa Romeo;159 2.2L MT;Италия;IT
Alfa Romeo;159 3.2L;Италия;IT
Alfa Romeo;159 SW 1.9L MT;Италия;IT
Alfa Romeo;159 SW 2.2L AT;Италия;IT
Alfa Romeo;159 SW 2.2L MT;Италия;IT
Alfa Romeo;159 SW 3.2L;Италия;IT
Alfa Romeo;166 2.0L;Италия;IT
Alfa Romeo;166 2.4L;Италия;IT
Alfa Romeo;166 2.5L;Италия;IT
Alfa Romeo;166 3.0L;Италия;IT
Nissan;180SX;Япония;JP
Renault;19;Франция;FR
Mazda;2 1.3 MT5 Direct;Япония;JP
Mazda;2 1.5 AT4 Energy;Япония;JP
Mazda;2 1.5 AT4 Sport;Япония;JP
Mazda;2 1.5 MT5 Energy;Япония;JP
Mazda;2 1.5 MT5 Sport;Япония;JP
LANDMARK;2.4 AWD;Китай;CN
Toyota;2000GT;Япония;JP
Peugeot;2008;Франция;FR
Rolls Royce;200EX;Виргинские о-ва (Британские);VG
Nissan;200SX;Япония;JP
Peugeot;205;Франция;FR
Peugeot;206 3D 1.4;Франция;FR
Peugeot;206 5D 1.4;Франция;FR
Peugeot;206 Sedan;Франция;FR
Peugeot;206 Sedan 1.4;Франция;FR
Peugeot;207 3D;Франция;FR
Peugeot;207 3D 1.4;Франция;FR
Peugeot;207 3D 1.6;Франция;FR
Peugeot;207 5D;Франция;FR
Peugeot;207 5D 1.4;Франция;FR
Peugeot;207 5D 1.6;Франция;FR
Peugeot;207 CC;Франция;FR
Peugeot;207 CC 1.6;Франция;FR
Peugeot;208;Франция;FR
Peugeot;208 GTi;Франция;FR
ИЖ;2126 1.6;Россия;RU
ИЖ;2126 1.7;Россия;RU
ИЖ;2126 1.8;Россия;RU
ИЖ;2126 4x4 1.6;Россия;RU
ИЖ;2126 4x4 1.7;Россия;RU
ИЖ;2126 4x4 1.8;Россия;RU
ИЖ;21261 4X4 1.7;Россия;RU
Mercedes;223602;Германия;DE
Maserati;228 2.8 i;Италия;IT
Renault;23;Франция;FR
УАЗ;23632;Россия;RU
УАЗ;23632-130;Россия;RU
УАЗ;23632-131;Россия;RU
УАЗ;23632-230;Россия;RU
УАЗ;23632-231;Россия;RU
ARO;24 12V;Румыния;RO
ARO;24 4WD;Румыния;RO
ARO;24 D;Румыния;RO
ARO;24 TD;Румыния;RO
Volvo;240 Series;Швеция;SE
Nissan;240SX;Япония;JP
Datsun;240Z;Япония;JP
Derways;240Z;Россия;RU
ARO;243 2.3;Румыния;RO
ARO;243 D;Румыния;RO
ARO;244;Румыния;RO
ARO;244 4WD;Румыния;RO
ARO;245;Румыния;RO
JAC;245;Китай;CN
ARO;246 4WD;Румыния;RO
Mitsuoka;24LX;Япония;JP
Renault;25;Франция;FR
Rover;25 1.1 i;Виргинские о-ва (Британские);VG
Rover;25 2.0;Виргинские о-ва (Британские);VG
Ferrari;250 GTO;Италия;IT
ИЖ;2717-220;Россия;RU
ИЖ;2717-230;Россия;RU
Datsun;280Z;Япония;JP
Nissan;280ZX;Япония;JP
Datsun;280ZX;Япония;JP
Москвич;3;Россия;RU
Mazda;3 Hatchback 1.6;Япония;JP
Mazda;3 Hatchback 2.0;Япония;JP
Mazda;3 MPS 2.3;Япония;JP
Mazda;3 Sedan 1.6;Япония;JP
Mazda;3 Sedan 2.0;Япония;JP
BMW;3 Series Convertible;Германия;DE
BMW;3 Series Coupe;Германия;DE
BMW;3 Series Sedan;Германия;DE
BMW;3 Series Touring;Германия;DE
Volvo;300 Series;Швеция;SE
Indigo;3000;Индия;IN
Mitsubishi;3000 GT;Япония;JP
Peugeot;3008;Франция;FR
Chrysler;300C 2.7;США;US
Chrysler;300C 3.5;США;US
Chrysler;300C SRT-8;США;US
Nissan;300ZX;Япония;JP
Peugeot;301;Франция;FR
Peugeot;306;Франция;FR
Peugeot;307;Франция;FR
Peugeot;308;Франция;FR
Peugeot;308 1.6;Франция;FR
Peugeot;308 2.0;Франция;FR
Peugeot;308 Break;Франция;FR
Peugeot;308 Break 1.6;Франция;FR
Peugeot;308 SW;Франция;FR
Peugeot;308 SW 1.6;Франция;FR
Peugeot;308 SW 2.0;Франция;FR
Derways;3131 Cowboy;Россия;RU
УАЗ;315148-053;Россия;RU
УАЗ;315195-051;Россия;RU
УАЗ;3159;Россия;RU
УАЗ;3162;Россия;RU
УАЗ;3163-024;Россия;RU
УАЗ;3163-034;Россия;RU
УАЗ;3163-118;Россия;RU
УАЗ;3163-120;Россия;RU
УАЗ;3163-228;Россия;RU
УАЗ;3163-229;Россия;RU
УАЗ;3163-230;Россия;RU
УАЗ;3163-340;Россия;RU
Maserati;3200GT 3.2;Италия;IT
Ferrari;328 GTB;Италия;IT
Nissan;350;Япония;JP
Maserati;3500;Италия;IT
Nissan;350Z;Япония;JP
Ferrari;360 Modena;Италия;IT
Ferrari;365 GTS4 (Daytona);Италия;IT
DongFeng;370;Китай;CN
Nissan;370Z;Япония;JP
УАЗ;396255;Россия;RU
Москвич;3e;Россия;RU
Westfield;4.0 i;Виргинские о-ва (Британские);VG
Peugeot;4007;Франция;FR
Peugeot;4007 2.2;Франция;FR
Peugeot;4007 2.4;Франция;FR
Peugeot;4008;Франция;FR
Peugeot;405;Франция;FR
Peugeot;406;Франция;FR
Peugeot;407;Франция;FR
Peugeot;407 1.8;Франция;FR
Peugeot;407 2.0;Франция;FR
Peugeot;407 2.2;Франция;FR
Peugeot;407 3.0;Франция;FR
Peugeot;407 Coupe;Франция;FR
Peugeot;407 Coupe 2.2;Франция;FR
Peugeot;407 Coupe 3.0;Франция;FR
Peugeot;408;Франция;FR
International;4200;США;US
Maserati;4300GT 4.3;Италия;IT
Volvo;440;Швеция;SE
Rover;45 1.4 i;Виргинские о-ва (Британские);VG
Rover;45 1.6 i;Виргинские о-ва (Британские);VG
Rover;45 1.8 i;Виргинские о-ва (Британские);VG
Rover;45 2.0;Виргинские о-ва (Британские);VG
Rover;45 2.0 i;Виргинские о-ва (Британские);VG
Ferrari;456GT;Италия;IT
Volvo;460;Швеция;SE
Toyota;4Runner;Япония;JP
Москвич;5;Россия;RU
Mazda;5 1.8 MT5 Family;Япония;JP
Mazda;5 1.8 MT5 Touring;Япония;JP
Mazda;5 2.0 AT5 Active;Япония;JP
Mazda;5 2.0 AT5 Touring Plus;Япония;JP
Mazda;5 2.0 MT6 Active;Япония;JP
Mazda;5 2.0 MT6 Touring Plus;Япония;JP
BMW;5 Series Sedan;Германия;DE
BMW;5 Series Touring;Германия;DE
Bristol;5.9 i V6 Blenheim II;Виргинские о-ва (Британские);VG
Bristol;5.9 i V8 3S Blenheim III;Виргинские о-ва (Британские);VG
Bristol;5.9 i V8 3S Speedster;Виргинские о-ва (Британские);VG
Bristol;5.9 i V8 Blenheim III;Виргинские о-ва (Британские);VG
Fiat;500;Италия;IT
Mitsubishi;500;Япония;JP
Fiat;500 1.2;Италия;IT
Fiat;500 1.4;Италия;IT
Maserati;5000GT Barchetta Stradale 2.0i;Италия;IT
Peugeot;5008;Франция;FR
Fiat;500L;Италия;IT
Fiat;500X;Италия;IT
Peugeot;508;Франция;FR
BMW;530D XDrive;Германия;DE
Ferrari;557 GTZ;Италия;IT
Maybach;57 5.5 i;Германия;DE
Ferrari;575 GTZ;Италия;IT
Ferrari;575M Maranello;Италия;IT
DongFeng;580;Китай;CN
Ferrari;599 GTB Fiorano 6.0;Италия;IT
Москвич;6;Россия;RU
Mazda;6 Hatchback 1.8;Япония;JP
Mazda;6 Hatchback 2.0;Япония;JP
Mazda;6 Hatchback 2.5;Япония;JP
Mazda;6 Sedan 1.8;Япония;JP
Mazda;6 Sedan 2.0;Япония;JP
Mazda;6 Sedan 2.5;Япония;JP
BMW;6 Series Convertible;Германия;DE
BMW;6 Series Coupe;Германия;DE
Mazda;6 Wagon 1.8;Япония;JP
Mazda;6 Wagon 2.0;Япония;JP
Dodge;600;США;US
Peugeot;605;Франция;FR
Peugeot;607;Франция;FR
Ferrari;612 Scaglietti 5.7;Италия;IT
Maybach;62 5.5 i;Германия;DE
Mazda;626;Япония;JP
BMW;7 Series;Германия;DE
Tatra;700 3.5 i;Чешская Республика;CZ
Datsun;720;Япония;JP
Volvo;740;Швеция;SE
Rover;75 1.8;Виргинские о-ва (Британские);VG
Rover;75 2.0;Виргинские о-ва (Британские);VG
Rover;75 2.5;Виргинские о-ва (Британские);VG
Volvo;760;Швеция;SE
International;7600;США;US
Bristol;8.0 i V10 Fighter;Виргинские о-ва (Британские);VG
Peugeot;807;Франция;FR
Volvo;850;Швеция;SE
Saab;9-3 Convertible Aero;Швеция;SE
Saab;9-3 Convertible Aero 2.8;Швеция;SE
Saab;9-3 Convertible Vector;Швеция;SE
Saab;9-3 Convertible Vector 2.0;Швеция;SE
Saab;9-3 Sport Combi Aero;Швеция;SE
Saab;9-3 Sport Combi Aero 2.0;Швеция;SE
Saab;9-3 Sport Combi Aero 2.8;Швеция;SE
Saab;9-3 Sport Combi Aero XWD 2.0;Швеция;SE
Saab;9-3 Sport Combi Aero XWD 2.8;Швеция;SE
Saab;9-3 Sport Combi Linear 1.8;Швеция;SE
Saab;9-3 Sport Combi Linear 2.0;Швеция;SE
Saab;9-3 Sport Combi Vector;Швеция;SE
Saab;9-3 Sport Combi Vector 2.0;Швеция;SE
Saab;9-3 Sport Sedan Aero;Швеция;SE
Saab;9-3 Sport Sedan Aero 2.0;Швеция;SE
Saab;9-3 Sport Sedan Aero 2.8;Швеция;SE
Saab;9-3 Sport Sedan Aero XWD;Швеция;SE
Saab;9-3 Sport Sedan Aero XWD 2.0;Швеция;SE
Saab;9-3 Sport Sedan Aero XWD 2.8;Швеция;SE
Saab;9-3 Sport Sedan Linear 1.8;Швеция;SE
Saab;9-3 Sport Sedan Linear 1.9;Швеция;SE
Saab;9-3 Sport Sedan Linear 2.0;Швеция;SE
Saab;9-3 Sport Sedan Vector;Швеция;SE
Saab;9-3 Sport Sedan Vector 1.9;Швеция;SE
Saab;9-3 Sport Sedan Vector 2.0;Швеция;SE
Saab;9-5 Sedan Aero 2.3;Швеция;SE
Saab;9-5 Sedan Linear;Швеция;SE
Saab;9-5 Sedan Linear 2.0;Швеция;SE
Saab;9-5 Sedan Vector;Швеция;SE
Saab;9-5 Sedan Vector 2.3;Швеция;SE
Saab;9-5 Sport Combi Aero;Швеция;SE
Saab;9-5 Sport Combi Aero 2.3;Швеция;SE
Saab;9-5 Sport Combi Linear;Швеция;SE
Saab;9-5 Sport Combi Linear 2.0;Швеция;SE
Saab;9-5 Sport Combi Vector;Швеция;SE
Saab;9-5 Sport Combi Vector 2.3;Швеция;SE
Porsche;911997;Германия;DE
International;9200;США;US
Volvo;940;Швеция;SE
International;9400;США;US
Volvo;960;Швеция;SE
International;9800;США;US
Mercedes;A-Class 3D A 150;Германия;DE
Mercedes;A-Class 3D A 170;Германия;DE
Mercedes;A-Class 3D A 180;Германия;DE
Mercedes;A-Class 3D A 200;Германия;DE
Mercedes;A-Class 5D A 150;Германия;DE
Mercedes;A-Class 5D A 170;Германия;DE
Mercedes;A-Class 5D A 180;Германия;DE
Mercedes;A-Class 5D A 200;Германия;DE
Audi;A3;Германия;DE
Audi;A3 Cabriolet;Германия;DE
Audi;A3 Sportback;Германия;DE
DongFeng;A30;Китай;CN
Audi;A4;Германия;DE
Audi;A4 Avant;Германия;DE
Audi;A5;Германия;DE
Chery;A5 2.0;Китай;CN
Audi;A6;Германия;DE
Audi;A6 Avant;Германия;DE
Audi;A6 allroad quattro;Германия;DE
Audi;A8;Германия;DE
DongFeng;A9;Китай;CN
Nissan;AD;Япония;JP
Mercedes;AMG GT;Германия;DE
Mercedes;AMG ONE;Германия;DE
Suzuki;APV;Япония;JP
Mitsubishi;ASX;Япония;JP
Cadillac;ATS;США;США
Cadillac;ATS-V;США;США
DongFeng;AX4;Китай;CN
DongFeng;AX7;Китай;CN
GMC;Acadia 3.6;США;US
Hyundai;Accent AT4 1.5;Корея;KR
Hyundai;Accent AT5 1.5;Корея;KR
Hyundai;Accent MT0 1.5;Корея;KR
Hyundai;Accent MT1 1.5;Корея;KR
Hyundai;Accent MT2 1.5;Корея;KR
Hyundai;Accent MT3 1.5;Корея;KR
Honda;Accord 2.0;Япония;JP
Honda;Accord 2.4;Япония;JP
Honda;Accord Type-S 2.4;Япония;JP
Suzuki;Across;Япония;JP
Ssang Yong;Actyon;Корея;KR
Ssang Yong;Actyon 2.0;Корея;KR
Ssang Yong;Actyon 2.3;Корея;KR
Ssang Yong;Actyon Sports;Корея;KR
Ssang Yong;Actyon Sports 2.0;Корея;KR
DongFeng;Aeolus E70;Китай;CN
DongFeng;Aeolus Yixuan GS;Китай;CN
Suzuki;Aerio;Япония;JP
Morgan;Aero 8 4.4 i;Виргинские о-ва (Британские);VG
Morgan;Aeromax 4.4;Виргинские о-ва (Британские);VG
Opel;Agila;Германия;DE
Mitsubishi;Airtrek;Япония;JP
Honda;Airwave;Япония;JP
Fiat;Albea 1.4;Италия;IT
Subaru;Alcyone;Япония;JP
Oldsmobile;Alero (Coupe) 2.2;США;US
Oldsmobile;Alero (Coupe) 2.4;США;US
Oldsmobile;Alero 2.2;США;US
Cadillac;Allante;США;США
Toyota;Allex;Япония;JP
Toyota;Allion;Япония;JP
Nissan;Almera;Япония;JP
Nissan;Almera Classic;Япония;JP
Nissan;Almera Tino;Япония;JP
Toyota;Alphard;Япония;JP
Changan;Alsvin V7;Китай;CN
Seat;Altea;Испания;ES
Seat;Altea 1.6i;Испания;ES
Seat;Altea 2.0;Испания;ES
Seat;Altea Freetrack;Испания;ES
Seat;Altea Freetrack 2.0;Испания;ES
Seat;Altea XL;Испания;ES
Seat;Altea XL 1.6i;Испания;ES
Seat;Altea XL 1.8;Испания;ES
Seat;Altea XL 2.0;Испания;ES
Toyota;Altezza;Япония;JP
Nissan;Altima;Япония;JP
Suzuki;Alto;Япония;JP
Suzuki;Alto Lapin;Япония;JP
Volkswagen;Amarok;Германия;DE
Chery;Amulet 1.6i;Китай;CN
Opel;Antara;Германия;DE
Opel;Antara 2.4;Германия;DE
Opel;Antara 3.2;Германия;DE
Huanghai;Antelope;Китай;CN
Huanghai;Antelope 4x2 2.2 L;Китай;CN
Huanghai;Antelope 4x4 2.2 L;Китай;CN
Derways;Antelope AURORA;Россия;RU
Daihatsu;Applause 1.6;Япония;JP
Toyota;Aqua;Япония;JP
TagAZ;Aquila;Россия;RU
Dodge;Aries;США;US
Toyota;Aristo;Япония;JP
Nissan;Ariya;Япония;JP
Renault;Arkana;Франция;FR
Nissan;Armada;Япония;JP
Bentley;Arnage 4.4;Виргинские о-ва (Британские);VG
Bentley;Arnage 6.75;Виргинские о-ва (Британские);VG
Chery;Arrizo 3;Китай;CN
Chery;Arrizo 6;Китай;CN
Chery;Arrizo 7;Китай;CN
Chery;Arrizo 8;Китай;CN
Volkswagen;Arteon;Германия;DE
Volkswagen;Arteon R;Германия;DE
Subaru;Ascent;Япония;JP
Opel;Ascona;Германия;DE
Mitsubishi;Aspire;Япония;JP
Doninvest;Assol 1.5 i;Россия;RU
Doninvest;Assol 1.6 i;Россия;RU
Opel;Astra;Германия;DE
Saturn;Astra;США;US
Opel;Astra 1.4;Германия;DE
Opel;Astra 1.6;Германия;DE
Opel;Astra 1.8;Германия;DE
Opel;Astra 1.9;Германия;DE
Opel;Astra 2.0;Германия;DE
Opel;Astra Caravan;Германия;DE
Opel;Astra Caravan 1.6;Германия;DE
Opel;Astra Caravan 1.8;Германия;DE
Opel;Astra Caravan 1.9;Германия;DE
Opel;Astra GTC;Германия;DE
Opel;Astra GTC 1.6;Германия;DE
Opel;Astra GTC 1.8;Германия;DE
Opel;Astra GTC 1.9;Германия;DE
Opel;Astra GTC 2.0;Германия;DE
Opel;Astra OPC 2.0;Германия;DE
Opel;Astra Sedan;Германия;DE
Opel;Astra Sedan 1.6;Германия;DE
Opel;Astra Sedan 1.8;Германия;DE
Opel;Astra Twin Top;Германия;DE
Opel;Astra Twin Top 1.8;Германия;DE
Opel;Astra Twin Top 2.0;Германия;DE
Mazda;Atenza;Япония;JP
Geely;Atlas;Китай;CN
Volkswagen;Atlas;Германия;DE
Volkswagen;Atlas Cross;Германия;DE
Geely;Atlas Pro;Китай;CN
Mitsubishi;Attrage;Япония;JP
Changan;Auchan A600 EV;Китай;CN
Saturn;Aura XR 3.5 i;США;US
Saturn;Aura XR 3.6L;США;US
Toyota;Aurion;Япония;JP
Toyota;Auris;Япония;JP
Toyota;Auris 1.4;Япония;JP
Toyota;Auris 1.6;Япония;JP
Derways;Aurora;Россия;RU
Derways;Aurora - 2;Россия;RU
Oldsmobile;Aurora 3.5 V6;США;US
Nissan;Auster;Япония;JP
Toyota;Avalon;Япония;JP
Hyundai;Avante;Корея;KR
Toyota;Avanza;Япония;JP
Kia;Avella;Корея;KR
Dodge;Avenger 2.0;США;US
Nissan;Avenir;Япония;JP
Toyota;Avensis;Япония;JP
Toyota;Avensis 1.8;Япония;JP
Toyota;Avensis 2.0;Япония;JP
Toyota;Avensis 2.4;Япония;JP
Toyota;Avensis Verso;Япония;JP
Toyota;Avensis Wagon;Япония;JP
Toyota;Avensis Wagon 1.8;Япония;JP
Toyota;Avensis Wagon 2.0;Япония;JP
Chevrolet;Aveo;США;US
Chevrolet;Aveo Hatchback Direct;США;US
Chevrolet;Aveo Hatchback Direct 1.2;США;US
Chevrolet;Aveo Hatchback Elite;США;US
Chevrolet;Aveo Hatchback Elite 1.4;США;US
Chevrolet;Aveo Hatchback Plus;США;US
Chevrolet;Aveo Hatchback Plus 1.2;США;US
Chevrolet;Aveo Hatchback Plus 1.4;США;US
Chevrolet;Aveo Hatchback Premium 1.4;США;US
Chevrolet;Aveo Hatchback Star;США;US
Chevrolet;Aveo Hatchback Star 1.2;США;US
Chevrolet;Aveo Hatchback Star 1.4;США;US
Chevrolet;Aveo Sedan Direct;США;US
Chevrolet;Aveo Sedan Direct 1.2;США;US
Chevrolet;Aveo Sedan Direct 1.4;США;US
Chevrolet;Aveo Sedan Elite;США;US
Chevrolet;Aveo Sedan Elite 1.2;США;US
Chevrolet;Aveo Sedan Elite 1.4;США;US
Chevrolet;Aveo Sedan Platinum 1.4;США;US
Chevrolet;Aveo Sedan Plus;США;US
Chevrolet;Aveo Sedan Plus 1.2;США;US
Chevrolet;Aveo Sedan Plus 1.4;США;US
Chevrolet;Aveo Sedan Premium;США;US
Chevrolet;Aveo Sedan Premium 1.4;США;US
Chevrolet;Aveo Sedan Star;США;US
Chevrolet;Aveo Sedan Star 1.2;США;US
Lincoln;Aviator;США;US
Mazda;Axela;Япония;JP
Toyota;Aygo;Япония;JP
Toyota;Aygo X;Япония;JP
Pontiac;Aztec 3.4;США;US
Bentley;Azure 6.8;Виргинские о-ва (Британские);VG
Bentley;Azure 6.8 Mulliner;Виргинские о-ва (Британские);VG
Mercedes;B-Class B 150;Германия;DE
Mercedes;B-Class B 170;Германия;DE
Mercedes;B-Class B 180;Германия;DE
Mercedes;B-Class B 200;Германия;DE
Mazda;B2500;Япония;JP
Nissan;BE-1;Япония;JP
Cadillac;BLS 2.0T Base1;США;США
Cadillac;BLS 2.0T Base2;США;США
Cadillac;BLS 2.0TS Mid1;США;США
Cadillac;BLS 2.0TS Mid2;США;США
Cadillac;BLS 2.8T Top1;США;США
Cadillac;BLS 2.8T Top2;США;США
Subaru;BRZ;Япония;JP
Mazda;BT-50;Япония;JP
Mazda;BT-50 2.5;Япония;JP
Subaru;Baja;Япония;JP
Suzuki;Baleno;Япония;JP
Fiat;Barchetta;Италия;IT
Nissan;Bassara;Япония;JP
Hyundai;Bayon;Корея;KR
Geely;Beauty Leopard;Китай;CN
Volkswagen;Beetle;Германия;DE
Toyota;Belta;Япония;JP
Buick;Bengal;США;US
Changan;Benni;Китай;CN
Changan;Benni EC/EV;Китай;CN
Bentley;Bentley Turbo RT;Виргинские о-ва (Британские);VG
Citroen;Berlingo 1.6;Франция;FR
FAW;Bestune B70;Китай;CN
FAW;Bestune B70S;Китай;CN
FAW;Bestune NAT;Китай;CN
FAW;Bestune T55;Китай;CN
FAW;Bestune T77;Китай;CN
FAW;Bestune T99;Китай;CN
FAW;Besturn;Китай;CN
FAW;Besturn B30;Китай;CN
FAW;Besturn B50;Китай;CN
FAW;Besturn B70;Китай;CN
FAW;Besturn X40;Китай;CN
FAW;Besturn X80;Китай;CN
Mazda;Biante;Япония;JP
Geely;Binyue Cool;Китай;CN
Peugeot;Bipper;Франция;FR
Lincoln;Blackwood;США;US
Toyota;Blade;Япония;JP
Bristol;Blenheim 3S 5.9 32V;Виргинские о-ва (Британские);VG
Bristol;Blenheim Speedster5.9 32V;Виргинские о-ва (Британские);VG
Toyota;Blizzard;Япония;JP
Datsun;Bluebird;Япония;JP
Nissan;Bluebird;Япония;JP
Nissan;Bluebird Maxima;Япония;JP
Nissan;Bluebird Sylphy;Япония;JP
Mazda;Bongo;Япония;JP
Mazda;Bongo Friendee;Япония;JP
Pontiac;Bonneville 3.8;США;US
Chery;Bonus (A13);Китай;CN
Chery;Bonus 3 (E3/A19);Китай;CN
JMC;Boomway;Китай;CN
Volkswagen;Bora;Германия;DE
Kia;Borrego;Корея;KR
Porsche;Boxster 987;Германия;DE
Geely;Boyue;Китай;CN
Fiat;Brava;Италия;IT
Oldsmobile;Bravada (III) 4.2;США;US
Mitsubishi;Bravo;Япония;JP
Fiat;Bravo 1.4;Италия;IT
Lifan;Breez 1.3;Китай;CN
Lifan;Breez 1.6;Китай;CN
Lifan;Breez cедан 1.3;Китай;CN
Lifan;Breez cедан 1.6;Китай;CN
Lifan;Breez хэтчбек 1.3;Китай;CN
Lifan;Breez хэтчбек 1.6;Китай;CN
Plymouth;Breeze 2.0;США;US
Plymouth;Breeze 2.4;США;US
Alfa Romeo;Brera 2.2L;Италия;IT
Alfa Romeo;Brera 3.2L;Италия;IT
Toyota;Brevis;Япония;JP
Ford;Bronco;США;US
Bentley;Brooklands 6.75;Виргинские о-ва (Британские);VG
Cadillac;Brougham;США;США
Mercedes;C 63 AMG 6.2 AT7;Германия;DE
TagAZ;C-30;Россия;RU
Mercedes;C-Class Estate C 180;Германия;DE
Mercedes;C-Class Estate C 230;Германия;DE
Mercedes;C-Class Saloon C 180;Германия;DE
Mercedes;C-Class Saloon C 200;Германия;DE
Mercedes;C-Class Saloon C 230;Германия;DE
Mercedes;C-Class Saloon C 280;Германия;DE
Mercedes;C-Class Saloon C 350;Германия;DE
Citroen;C-Crosser 2.2;Франция;FR
Citroen;C-Crosser 2.4;Франция;FR
Toyota;C-HR;Япония;JP
Ford;C-MAX Ambiente 1.6;США;US
Ford;C-MAX Ghia 1.6;США;US
Ford;C-MAX Ghia 1.8;США;US
Ford;C-MAX Ghia 2.0;США;US
Ford;C-MAX Titanium 1.6;США;US
Ford;C-MAX Titanium 1.8;США;US
Ford;C-MAX Titanium 2.0;США;US
Ford;C-MAX Trend 1.6;США;US
Ford;C-MAX Trend 1.8;США;US
Ford;C-MAX Trend 2.0;США;US
Citroen;C1 хетчбек 1.0;Франция;FR
Citroen;C1 хетчбек 1.4;Франция;FR
TagAZ;C10;Россия;RU
TagAZ;C190;Россия;RU
Citroen;C2 1.1;Франция;FR
Citroen;C2 1.4;Франция;FR
Citroen;C2 VTS 1.6i;Франция;FR
Citroen;C3 1.4 HDi;Франция;FR
Citroen;C3 1.6i;Франция;FR
Citroen;C3 Pluriel 1.4;Франция;FR
Citroen;C3 Pluriel 1.6i;Франция;FR
Volvo;C30;Швеция;SE
Volvo;C30 1.6;Швеция;SE
Volvo;C30 2.4i;Швеция;SE
SMA;C32 1.3i;Китай;CN
Citroen;C4 Picasso 1.8i;Франция;FR
Citroen;C4 Picasso 2.0i;Франция;FR
Citroen;C4 Picasso T;Франция;FR
Citroen;C4 Picasso VTI;Франция;FR
Citroen;C4 SpaceTourer;Франция;FR
Citroen;C4 VTi;Франция;FR
Citroen;C4 КУПЕ 1.6;Франция;FR
Citroen;C4 КУПЕ VTi;Франция;FR
Citroen;C4 КУПЕ Турбо T;Франция;FR
Citroen;C4 хетчбек 1.6;Франция;FR
Citroen;C4 хетчбек VTi;Франция;FR
Citroen;C4 хетчбек Турбо T;Франция;FR
OMODA;C5;Китай;CN
Citroen;C5 1.8i;Франция;FR
Citroen;C5 2.0;Франция;FR
Citroen;C5 2.0 HDI;Франция;FR
Citroen;C5 2.0i;Франция;FR
Citroen;C5 2.2 HDI;Франция;FR
Citroen;C5 2.7;Франция;FR
Citroen;C5 3.0i;Франция;FR
SMA;C51 1.5;Китай;CN
SMA;C52 1.5;Китай;CN
Geely;C6;Китай;CN
Citroen;C6 2.2;Франция;FR
Citroen;C6 2.7;Франция;FR
Citroen;C6 3.0;Франция;FR
SMA;C61 1.6;Китай;CN
Volvo;C70;Швеция;SE
Volvo;C70 2.4;Швеция;SE
Citroen;C8 2.0;Франция;FR
Citroen;C8 2.2;Франция;FR
Citroen;C8 3.0;Франция;FR
SMA;C81 1.8;Китай;CN
Geely;C9;Китай;CN
FAW;CA6480P6E 2.2;Китай;CN
Geely;CK 1.3;Китай;CN
Geely;CK 1.5;Китай;CN
Acura;CL;Япония;JP
Mercedes;CL 63 AMG 6.2;Германия;DE
Mercedes;CL 65 AMG 6.0;Германия;DE
Mercedes;CL-Class CL 500;Германия;DE
Mercedes;CL-Class CL 500 4MATIC;Германия;DE
Mercedes;CL-Class CL 600;Германия;DE
Mercedes;CLC Coupe CLC 180;Германия;DE
Mercedes;CLC Coupe CLC 200;Германия;DE
Mercedes;CLC Coupe CLC 230;Германия;DE
Mercedes;CLK 63 AMG Cabriolet 6.2;Германия;DE
Mercedes;CLK 63 AMG Coupe 6.2;Германия;DE
Mercedes;CLK-Class Cabriolet CLK 200;Германия;DE
Mercedes;CLK-Class Cabriolet CLK 280;Германия;DE
Mercedes;CLK-Class Cabriolet CLK 350;Германия;DE
Mercedes;CLK-Class Cabriolet CLK 500;Германия;DE
Mercedes;CLK-Class Coupe CLK 200;Германия;DE
Mercedes;CLK-Class Coupe CLK 220;Германия;DE
Mercedes;CLK-Class Coupe CLK 280;Германия;DE
Mercedes;CLK-Class Coupe CLK 350;Германия;DE
Mercedes;CLK-Class Coupe CLK 500;Германия;DE
Mercedes;CLS 63 AMG 6.2;Германия;DE
Mercedes;CLS AMG;Германия;DE
Mercedes;CLS-Class CLS 280;Германия;DE
Mercedes;CLS-Class CLS 350;Германия;DE
Mercedes;CLS-Class CLS 500;Германия;DE
Changan;CM-8;Китай;CN
Toyota;COMS;Япония;JP
Honda;CR-V 2.0;Япония;JP
Honda;CR-V 2.4;Япония;JP
Geely;CS;Китай;CN
Changan;CS15;Китай;CN
Changan;CS35;Китай;CN
Changan;CS35PLUS;Китай;CN
Changan;CS55;Китай;CN
Changan;CS55PLUS;Китай;CN
Changan;CS75;Китай;CN
Changan;CS75PLUS;Китай;CN
Changan;CS85;Китай;CN
Changan;CS95;Китай;CN
Acura;CSX;Япония;JP
Cadillac;CT4;США;США
Cadillac;CT4-V;США;США
Cadillac;CT5;США;США
Cadillac;CT5-V;США;США
Cadillac;CTS 2.8;США;США
Cadillac;CTS 3.6;США;США
Chery;CVT 1.6;Китай;CN
Mazda;CX-3;Япония;JP
Mazda;CX-30;Япония;JP
Mazda;CX-4;Япония;JP
Mazda;CX-5;Япония;JP
Mazda;CX-7;Япония;JP
Mazda;CX-7 2.3;Япония;JP
Mazda;CX-8;Япония;JP
Mazda;CX-9;Япония;JP
Mazda;CX-9 3.7;Япония;JP
Changan;CX20;Китай;CN
Volkswagen;Caddy;Германия;DE
Volkswagen;Caddy 1.4;Германия;DE
Volkswagen;Caddy 1.6;Германия;DE
Volkswagen;Caddy 1.9;Германия;DE
Volkswagen;Caddy 2.0;Германия;DE
Kia;Cadenza;Корея;KR
Toyota;Caldina;Япония;JP
Dodge;Caliber;США;US
Dodge;Caliber 1.8;США;US
Dodge;Caliber 2.0;США;US
Dodge;Caliber SRT4 2.4;США;US
Opel;Calibra;Германия;DE
Volkswagen;California;Германия;DE
Toyota;Cami;Япония;JP
Toyota;Camry;Япония;JP
Toyota;Camry 2.4;Япония;JP
Toyota;Camry 3.5;Япония;JP
Toyota;Camry Solara;Япония;JP
GMC;Canyon Crew Cab 2.8;США;US
GMC;Canyon Crew Cab 3.5;США;US
GMC;Canyon Extended Cab 2.8;США;US
GMC;Canyon Extended Cab 3.5;США;US
GMC;Canyon Regular Cab 2.8;США;US
GMC;Canyon Regular Cab 3.5;США;US
Mazda;Capella;Япония;JP
Kia;Capital;Корея;KR
Chevrolet;Captiva LS;США;US
Chevrolet;Captiva LS 2.4;США;US
Chevrolet;Captiva LT;США;US
Chevrolet;Captiva LT 2.4;США;US
Chevrolet;Captiva LT 3.2;США;US
Renault;Captur;Франция;FR
Dodge;Caravan;США;US
Nissan;Caravan;Япония;JP
Volkswagen;Caravelle;Германия;DE
Kia;Carens 2.0;Корея;KR
Toyota;Carina;Япония;JP
Toyota;Carina E;Япония;JP
Toyota;Carina ED;Япония;JP
Mitsubishi;Carisma;Япония;JP
Kia;Carnival 2.7;Корея;KR
Kia;Carnival 2.9;Корея;KR
FSO;Caro 1.4;Польша;PL
FSO;Caro 1.6;Польша;PL
FSO;Caro 1.9;Польша;PL
Suzuki;Carry;Япония;JP
Cadillac;Catera;США;США
Toyota;Cavalier;Япония;JP
Porsche;Cayenne 957;Германия;DE
Porsche;Cayman 987;Германия;DE
Nissan;Cedric;Япония;JP
Kia;Cee'd 1.4;Корея;KR
Kia;Cee'd 1.6;Корея;KR
Kia;Cee'd 2.0;Корея;KR
Kia;Cee'd GT;Корея;KR
Kia;Cee'd SW 1.4;Корея;KR
Kia;Cee'd SW 1.6;Корея;KR
Kia;Cee'd SW 2.0;Корея;KR
Kia;Ceed;Корея;KR
Nissan;Cefiro;Япония;JP
Mitsubishi;Celeste;Япония;JP
Toyota;Celica;Япония;JP
Toyota;Celsior;Япония;JP
Toyota;Century;Япония;JP
Kia;Cerato 1.6;Корея;KR
TVR;Cerbera 4.2;Виргинские о-ва (Британские);VG
TVR;Cerbera 4.5;Виргинские о-ва (Британские);VG
TVR;Cerbera Speed Six;Виргинские о-ва (Британские);VG
Dodge;Challenger;США;US
Mitsubishi;Challenger;Япония;JP
ЗАЗ;Chance;Украина;UA
Daihatsu;Charade GTi;Япония;JP
Daihatsu;Charade Shortback SX;Япония;JP
Daihatsu;Charade TS;Япония;JP
Dodge;Charger;США;US
Dodge;Charger Daytona;США;US
Mitsubishi;Chariot;Япония;JP
Toyota;Chaser;Япония;JP
Jeep;Cherokee 2.8;США;US
Jeep;Cherokee 3.7;США;US
Datsun;Cherry;Япония;JP
Nissan;Cherry;Япония;JP
Chery;Chery 2.0L;Китай;CN
Chery;Chery 2.4L;Китай;CN
Haval;Chitu;Китай;CN
Maserati;Chubasco 3.2 i;Италия;IT
Suzuki;Ciaz;Япония;JP
Nissan;Cima;Япония;JP
Mercedes;Citan;Германия;DE
Skoda;Citigo;Чешская Республика;CZ
DADI;City Leading 2.4;Китай;CN
DADI;City Leading 2.8;Китай;CN
Honda;Civic 4D 1.8;Япония;JP
Honda;Civic 5D 1.8;Япония;JP
Honda;Civic Ferio;Япония;JP
Honda;Civic Type-R;Япония;JP
Kia;Clarus;Корея;KR
Toyota;Classic;Япония;JP
Renault;Clio 3D Authentique;Франция;FR
Renault;Clio 3D Authentique 1.2;Франция;FR
Renault;Clio 3D Dynamique;Франция;FR
Renault;Clio 3D Dynamique 1.6;Франция;FR
Renault;Clio 5D Authentique;Франция;FR
Renault;Clio 5D Authentique 1.2;Франция;FR
Renault;Clio 5D Dynamique;Франция;FR
Renault;Clio 5D Dynamique 1.6;Франция;FR
Renault;Clio 5D Expression 1.4;Франция;FR
Renault;Clio 5D Extreme;Франция;FR
Renault;Clio 5D Extreme 1.2;Франция;FR
Renault;Clio 5D Extreme 1.4;Франция;FR
Renault;Clio RS;Франция;FR
Renault;Clio RS 2.0;Франция;FR
Nissan;Clipper Rio;Япония;JP
Dodge;Colt;США;US
Mitsubishi;Colt 1.3;Япония;JP
Mitsubishi;Colt 1.5;Япония;JP
Opel;Combo Tour;Германия;DE
Opel;Combo Tour 1.3;Германия;DE
Opel;Combo Tour 1.4;Германия;DE
Opel;Combo Van;Германия;DE
Opel;Combo Van 1.3;Германия;DE
Opel;Combo Van 1.4;Германия;DE
LANDWIND;Comfort;Китай;CN
Toyota;Comfort;Япония;JP
LANDWIND;Comfort (GE);Китай;CN
LANDWIND;Comfort (GE) ABS;Китай;CN
Jeep;Commander 3.0;США;US
Jeep;Commander 4.7;США;US
Jeep;Commander 5.7L;США;US
Jeep;Compass 2.0;США;US
Jeep;Compass 2.4;США;US
Lamborghini;Concept S;Италия;IT
Kia;Concord;Корея;KR
Lincoln;Continental;США;US
Bentley;Continental 6.8;Виргинские о-ва (Британские);VG
Bentley;Continental 6.8 Mulliner;Виргинские о-ва (Британские);VG
Bentley;Continental Flying Spur 6.0;Виргинские о-ва (Британские);VG
Bentley;Continental GT Speed 6.0;Виргинские о-ва (Британские);VG
Bentley;Continental GT6.0 W12TwinTurbo;Виргинские о-ва (Британские);VG
Bentley;Continental GTC 6.0;Виргинские о-ва (Британские);VG
Geely;Coolray;Китай;CN
Mini;Cooper;Виргинские о-ва (Британские);VG
Mini;Cooper Basic;Виргинские о-ва (Британские);VG
Mini;Cooper Clubman Basic;Виргинские о-ва (Британские);VG
Mini;Cooper Clubman Chili;Виргинские о-ва (Британские);VG
Mini;Cooper Clubman Pepper;Виргинские о-ва (Британские);VG
Mini;Cooper Clubman Starter;Виргинские о-ва (Британские);VG
Mini;Cooper Pepper;Виргинские о-ва (Британские);VG
Mini;Cooper S Basic;Виргинские о-ва (Британские);VG
Mini;Cooper S Chili;Виргинские о-ва (Британские);VG
Mini;Cooper S Clubman Basic;Виргинские о-ва (Британские);VG
Mini;Cooper S Clubman Chili;Виргинские о-ва (Британские);VG
Mini;Cooper S Clubman Drive;Виргинские о-ва (Британские);VG
Mini;Cooper S Clubman Starter;Виргинские о-ва (Британские);VG
Mini;Cooper S Drive;Виргинские о-ва (Британские);VG
Mini;Cooper S Starter;Виргинские о-ва (Британские);VG
Mini;Cooper Salt;Виргинские о-ва (Британские);VG
Mini;Cooper Starter;Виргинские о-ва (Британские);VG
Vortex;Corda;Россия;RU
Mitsubishi;Cordia;Япония;JP
Seat;Cordoba Advance;Испания;ES
Seat;Cordoba Reference;Испания;ES
Seat;Cordoba Stylance;Испания;ES
Rolls Royce;Corniche 6.7;Виргинские о-ва (Британские);VG
Toyota;Corolla;Япония;JP
Toyota;Corolla 1.4;Япония;JP
Toyota;Corolla 1.6;Япония;JP
Toyota;Corolla Cross;Япония;JP
Toyota;Corolla II;Япония;JP
Toyota;Corolla Levin;Япония;JP
Toyota;Corolla Rumion;Япония;JP
Toyota;Corolla Spacio;Япония;JP
Toyota;Corolla Verso Sol;Япония;JP
Toyota;Corolla Verso Terra;Япония;JP
Toyota;Corona;Япония;JP
Toyota;Corona EXiV;Япония;JP
Volkswagen;Corrado;Германия;DE
Toyota;Corsa;Япония;JP
Opel;Corsa 3D;Германия;DE
Opel;Corsa 3D 1.0;Германия;DE
Opel;Corsa 3D 1.2;Германия;DE
Opel;Corsa 3D 1.3;Германия;DE
Opel;Corsa 3D 1.4;Германия;DE
Opel;Corsa 3D 1.6;Германия;DE
Opel;Corsa 5D;Германия;DE
Opel;Corsa 5D 1.0;Германия;DE
Opel;Corsa 5D 1.2;Германия;DE
Opel;Corsa 5D 1.3;Германия;DE
Opel;Corsa 5D 1.4;Германия;DE
Opel;Corsa 5D 1.6;Германия;DE
Opel;Corsa OPC;Германия;DE
Opel;Corsa OPC 1.6;Германия;DE
Mercury;Cougar VII 2.0;США;US
Fiat;Coupe;Италия;IT
Maserati;Coupe 4.2 i;Италия;IT
Hyundai;Coupe GLS 2.0;Корея;KR
Hyundai;Coupe GLS 2.7;Корея;KR
Ford;Coupe-Cabriolet Titanium 2.0;США;US
Toyota;Cressida;Япония;JP
Toyota;Cresta;Япония;JP
Hyundai;Creta;Корея;KR
Nissan;Crew;Япония;JP
Fiat;Croma;Италия;IT
Fiat;Croma 2.2;Италия;IT
Chery;Cross Eastar (B14);Китай;CN
Volkswagen;CrossGolf;Германия;DE
Volkswagen;CrossGolf 1.6;Германия;DE
Opel;Crossland X;Германия;DE
Honda;Crossroad;Япония;JP
Honda;Crosstour;Япония;JP
Subaru;Crosstrek;Япония;JP
Toyota;Crown;Япония;JP
Toyota;Crown Kluger;Япония;JP
Toyota;Crown Majesta;Япония;JP
Chevrolet;Cruze;США;US
Nissan;Cube;Япония;JP
Suzuki;Cultus;Япония;JP
Daihatsu;Cuore 0.8 GL;Япония;JP
Toyota;Curren;Япония;JP
Dodge;Custom Royal;США;US
Toyota;Cynos;Япония;JP
Dodge;D/W Series;США;US
FAW;D60;Китай;CN
Dodge;D8;США;US
Aston Martin;DB7 Vantage 5.9;Виргинские о-ва (Британские);VG
Aston Martin;DB7 Vantage Volante 5.9;Виргинские о-ва (Британские);VG
Aston Martin;DB9 5.9;Виргинские о-ва (Британские);VG
Aston Martin;DB9 Volante 5.9;Виргинские о-ва (Британские);VG
Aston Martin;DBS 5.9;Виргинские о-ва (Британские);VG
DongFeng;DF6;Китай;CN
Cadillac;DTS;США;США
Haval;DaGou (Big Dog);Китай;CN
Daimler;Daimler 4.2;Виргинские о-ва (Британские);VG
Daihatsu;Daimler Double Six;Япония;JP
Dodge;Dakota;США;US
Haval;Dargo;Китай;CN
Dodge;Dart;США;US
Nissan;Datsun;Япония;JP
Nissan;Dayz;Япония;JP
Nissan;Dayz Roox;Япония;JP
Cadillac;DeVille;США;США
Mitsubishi;Debonair;Япония;JP
Great Wall;Deer G2;Китай;CN
Great Wall;Deer G3 2.2 i;Китай;CN
Great Wall;Deer G3 2.2 i 4x4;Китай;CN
Great Wall;Deer G5 2.2 i;Китай;CN
Great Wall;Deer G5 2.2 i 4x4;Китай;CN
Land Rover;Defender 110;США;US
Land Rover;Defender 110 Pickup SECrew Cab;США;US
Land Rover;Defender 90;США;US
Mitsubishi;Delica;Япония;JP
Mitsubishi;Delica D:2;Япония;JP
Mitsubishi;Delica D:3;Япония;JP
Mitsubishi;Delica D:5;Япония;JP
Mazda;Demio;Япония;JP
Volkswagen;Derby;Германия;DE
Mitsubishi;Diamante;Япония;JP
Mitsubishi;Dignity;Япония;JP
Mitsubishi;Dingo;Япония;JP
Ferrari;Dino 246 GTS;Италия;IT
Mitsubishi;Dion;Япония;JP
Land Rover;Discovery 3;США;US
Land Rover;Discovery 3 TDV6 HSE;США;US
Land Rover;Discovery 3 TDV6 SE;США;US
Land Rover;Discovery 3 V8 AT;США;US
Land Rover;Discovery Sport;США;US
Fiat;Doblo Cargo 1.3;Италия;IT
Fiat;Doblo Cargo 1.4;Италия;IT
Fiat;Doblo Panorama 1.4;Италия;IT
Renault;Dokker;Франция;FR
BYD;Dolphin;Китай;CN
Subaru;Domingo;Япония;JP
Nissan;Dualis;Япония;JP
Fiat;Ducato;Италия;IT
Toyota;Duet;Япония;JP
Dodge;Durango;США;US
Renault;Duster;Франция;FR
Dodge;Dynasty;США;US
Mercedes;E 63 AMG Estate 6.2;Германия;DE
Mercedes;E 63 AMG Saloon 6.2;Германия;DE
Mercedes;E-Class Estate E 200;Германия;DE
Mercedes;E-Class Estate E 280;Германия;DE
Mercedes;E-Class Estate E 350;Германия;DE
Mercedes;E-Class Estate E 500;Германия;DE
Mercedes;E-Class Saloon E 200;Германия;DE
Mercedes;E-Class Saloon E 230;Германия;DE
Mercedes;E-Class Saloon E 280;Германия;DE
Mercedes;E-Class Saloon E 350;Германия;DE
Mercedes;E-Class Saloon E 500;Германия;DE
BYD;E1;Китай;CN
DongFeng;E11K;Китай;CN
BYD;E2;Китай;CN
BYD;E5;Китай;CN
Chery;E5;Китай;CN
BYD;E6;Китай;CN
Bugatti;EB 110;Франция;FR
Bugatti;EB 110 3.5;Франция;FR
Bugatti;EB 16.4 8.0 W16;Франция;FR
Bugatti;EB 16.4 Veyron;Франция;FR
Bugatti;EB 218 Concep;Франция;FR
Bugatti;EB18.3 Chiron Concept;Франция;FR
Acura;EL;Япония;JP
Cadillac;ELR;США;США
Mercedes;EQA;Германия;DE
Mercedes;EQB;Германия;DE
Mercedes;EQC;Германия;DE
Mercedes;EQE;Германия;DE
Mercedes;EQE AMG;Германия;DE
Mercedes;EQE SUV;Германия;DE
Mercedes;EQE SUV AMG;Германия;DE
Mercedes;EQS;Германия;DE
Mercedes;EQS AMG;Германия;DE
Mercedes;EQS SUV;Германия;DE
Mercedes;EQV;Германия;DE
Kia;EV6;Корея;KR
Infiniti;EX 35 Elite;Япония;JP
Infiniti;EX 35 Premium;Япония;JP
Changan;Eado;Китай;CN
Toyota;Echo;Япония;JP
Mitsubishi;Eclipse;Япония;JP
Mitsubishi;Eclipse Cross;Япония;JP
Ford;EcoSport;США;US
Ford;Econoline;США;US
Ford;Edge;США;US
Kia;Elan;Корея;KR
Hyundai;Elantra GL 1.6;Корея;KR
Hyundai;Elantra GLS 1.6;Корея;KR
Hyundai;Elantra GLS 2.0;Корея;KR
Hyundai;Elantra XD AT3 1.6;Корея;KR
Hyundai;Elantra XD MT1 1.6;Корея;KR
Hyundai;Elantra XD MT2 1.6;Корея;KR
Innocenti;Elba;Италия;IT
Cadillac;Eldorado;США;США
Nissan;Elgrand;Япония;JP
Lotus;Elise 1.8;Виргинские о-ва (Британские);VG
Lotus;Elise 111 1.8;Виргинские о-ва (Британские);VG
Lotus;Elise 111S Sprint;Виргинские о-ва (Британские);VG
Lotus;Elise 340 R 1.8 i;Виргинские о-ва (Британские);VG
Lotus;Elise 340R 1.8;Виргинские о-ва (Британские);VG
Lotus;Elise II 1.8 i;Виргинские о-ва (Британские);VG
Lotus;Elise Sport 1.8;Виргинские о-ва (Британские);VG
Honda;Elysion;Япония;JP
Lamborghini;Embolado Concept;Италия;IT
Mitsubishi;Emeraude;Япония;JP
Geely;Emgrand;Китай;CN
Geely;Emgrand 7;Китай;CN
Geely;Emgrand EC7;Китай;CN
Geely;Emgrand EC8;Китай;CN
Geely;Emgrand GT;Китай;CN
Geely;Emgrand X7;Китай;CN
Mitsubishi;Endeavor;Япония;JP
Kia;Enterprise;Корея;KR
GMC;Envoy 4.2;США;US
GMC;Envoy Denali 5.3;США;US
Skoda;Enyaq;Чешская Республика;CZ
Skoda;Enyaq Coupe;Чешская Республика;CZ
Skoda;Enyaq Coupe RS;Чешская Республика;CZ
Skoda;Enyaq RS;Чешская Республика;CZ
Volkswagen;Eos;Германия;DE
Volkswagen;Eos 2.0;Германия;DE
Volkswagen;Eos 3.2;Германия;DE
Chevrolet;Epica LS 2.0;США;US
Chevrolet;Epica LT;США;US
Chevrolet;Epica LT 2.0;США;US
Chevrolet;Epica LT 2.5;США;US
Hyundai;Equus;Корея;KR
Suzuki;Ertiga;Япония;JP
Cadillac;Escalade 6.2 Base;США;США
Cadillac;Escalade 6.2 Mid;США;США
Cadillac;Escalade 6.2 Top;США;США
Cadillac;Escalade EXT;США;США
Cadillac;Escalade-V;США;США
Ford;Escape;США;US
Ford;Escape Limited;США;US
Ford;Escape XLT;США;US
Ford;Escort;США;US
Suzuki;Escudo;Япония;JP
Renault;Espace Expression;Франция;FR
Renault;Espace Expression 2.0;Франция;FR
Renault;Espace Privilege 2.0;Франция;FR
Lincoln;Esprit;США;US
Lotus;Esprit Sport 350;Виргинские о-ва (Британские);VG
Lotus;Esprit V8 GT;Виргинские о-ва (Британские);VG
Toyota;Esquire;Япония;JP
Toyota;Estima;Япония;JP
Vortex;Estina;Россия;RU
Mitsubishi;Eterna;Япония;JP
Toyota;Etios;Япония;JP
Mazda;Etude;Япония;JP
Lotus;Europa S 2.0;Виргинские о-ва (Британские);VG
Suzuki;Every;Япония;JP
Nissan;Exa;Япония;JP
Subaru;Exiga;Япония;JP
Lotus;Exige 1.8 i;Виргинские о-ва (Британские);VG
Ford;Expedition;США;US
Nissan;Expert;Япония;JP
Peugeot;Expert;Франция;FR
Changan;Explorer;Китай;CN
Ford;Explorer Eddie Bauer 4X4 4.6;США;US
Ford;Explorer Limited 4X4 4.0;США;US
Ford;Explorer Limited 4X4 4.6;США;US
Ford;Explorer XLT 4X4 4.0;США;US
Ford;F-150;США;US
BYD;F0;Китай;CN
BYD;F1;Китай;CN
BYD;F3 G-i;Китай;CN
BYD;F3 GL-i;Китай;CN
BYD;F3 GLX-i;Китай;CN
BYD;F3-R;Китай;CN
Ferrari;F430 купе 4.3;Италия;IT
Ferrari;F430 родстер 4.3;Италия;IT
BYD;F5;Китай;CN
Ferrari;F50;Италия;IT
BYD;F6;Китай;CN
Haval;F7;Китай;CN
Haval;F7x;Китай;CN
BYD;F8;Китай;CN
Geely;FC 1.8;Китай;CN
Toyota;FJ Cruiser;Япония;JP
BYD;FLYER;Китай;CN
Mitsubishi;FTO;Япония;JP
Infiniti;FX 35 Elegance;Япония;JP
Infiniti;FX 35 Premium;Япония;JP
Infiniti;FX 50 Premium;Япония;JP
Infiniti;FX 50 Sport;Япония;JP
Skoda;Fabia Combi;Чешская Республика;CZ
Skoda;Fabia Combi 1.2;Чешская Республика;CZ
Skoda;Fabia Combi 1.4;Чешская Республика;CZ
Skoda;Fabia Combi 1.6;Чешская Республика;CZ
Skoda;Fabia Hatchback;Чешская Республика;CZ
Skoda;Fabia Hatchback 1.2;Чешская Республика;CZ
Skoda;Fabia Hatchback 1.4;Чешская Республика;CZ
Skoda;Fabia Hatchback 1.6;Чешская Республика;CZ
Skoda;Fabia RS;Чешская Республика;CZ
Nissan;Fairlady Z;Япония;JP
Mazda;Familia;Япония;JP
HAIMA;Family;Китай;CN
JMC;Fashion;Китай;CN
Skoda;Favorit;Чешская Республика;CZ
Skoda;Felicia;Чешская Республика;CZ
Daihatsu;Feroza DX;Япония;JP
Lamborghini;Ferruccio Concept;Италия;IT
Ford;Fiesta 3D Ambiente 1.2;США;US
Ford;Fiesta 3D Ghia 1.4;США;US
Ford;Fiesta 3D Ghia 1.6;США;US
Ford;Fiesta 3D Sport 1.6;США;US
Ford;Fiesta 3D Titanium 1.4;США;US
Ford;Fiesta 3D Titanium 1.6;США;US
Ford;Fiesta 3D Trend 1.4;США;US
Ford;Fiesta 5D Ambiente 1.25;США;US
Ford;Fiesta 5D Ghia 1.4;США;US
Ford;Fiesta 5D Ghia 1.6;США;US
Ford;Fiesta 5D Titanium 1.4;США;US
Ford;Fiesta 5D Titanium 1.6;США;US
Ford;Fiesta 5D Trend 1.4;США;US
Nissan;Figaro;Япония;JP
Bristol;Fighter 8.0 V10;Виргинские о-ва (Британские);VG
Fiat;Fiorino;Италия;IT
Pontiac;Firebird 5.7;США;US
Honda;Fit;Япония;JP
Honda;Fit Shuttle;Япония;JP
Mazda;Flair;Япония;JP
Mazda;Flair Crossover;Япония;JP
Cadillac;Fleetwood;США;США
Fiat;Flimont;Италия;IT
Renault;Fluence;Франция;FR
Ford;Focus 3d Ambiente 1.4;США;US
Ford;Focus 3d Comfort 1.4;США;US
Ford;Focus 3d Comfort 1.6;США;US
Ford;Focus 3d Comfort 1.8;США;US
Ford;Focus 3d Comfort 2.0;США;US
Ford;Focus 5d Ambiente 1.4;США;US
Ford;Focus 5d Comfort 1.4;США;US
Ford;Focus 5d Comfort 1.6;США;US
Ford;Focus 5d Comfort 1.8;США;US
Ford;Focus 5d Comfort 2.0;США;US
Ford;Focus 5d Ghia 1.6;США;US
Ford;Focus 5d Ghia 1.8;США;US
Ford;Focus 5d Ghia 2.0;США;US
Ford;Focus 5d Ghia SE 1.6;США;US
Ford;Focus 5d Ghia SE 1.8;США;US
Ford;Focus 5d Titanium SE 1.6;США;US
Ford;Focus 5d Titanium SE 1.8;США;US
Ford;Focus Coupe-CabrioletTrend1.6;США;US
Ford;Focus F;США;US
Ford;Focus ST 3d 2.5;США;US
Ford;Focus ST 5d 2.5;США;US
Ford;Focus Sedan Ambiente 1.4;США;US
Ford;Focus Sedan Comfort 1.4;США;US
Ford;Focus Sedan Comfort 1.6;США;US
Ford;Focus Sedan Comfort 1.8;США;US
Ford;Focus Sedan Comfort 2.0;США;US
Ford;Focus Sedan Ghia 1.6;США;US
Ford;Focus Sedan Ghia 1.8;США;US
Ford;Focus Sedan Ghia 2.0;США;US
Ford;Focus Sedan Ghia SE 1.6;США;US
Ford;Focus Sedan Ghia SE 1.8;США;US
Ford;Focus Sedan Titanium SE 1.6;США;US
Ford;Focus Sedan Titanium SE 1.8;США;US
Ford;Focus Wagon Ambiente 1.4;США;US
Ford;Focus Wagon Comfort 1.4;США;US
Ford;Focus Wagon Comfort 1.6;США;US
Ford;Focus Wagon Comfort 1.8;США;US
Ford;Focus Wagon Comfort 2.0;США;US
Ford;Focus Wagon Ghia 1.6;США;US
Ford;Focus Wagon Ghia 1.8;США;US
Ford;Focus Wagon Ghia 2.0;США;US
Chery;For a;Китай;CN
Suzuki;Forenza;Япония;JP
Subaru;Forester;Япония;JP
Subaru;Forester 2.0;Япония;JP
Subaru;Forester 2.5;Япония;JP
Smart;Forfour;Германия;DE
Smart;Forfour 1.3;Германия;DE
Smart;Forfour 1.5;Германия;DE
Skoda;Forman;Чешская Республика;CZ
Kia;Forte;Корея;KR
Toyota;Fortuner;Япония;JP
Smart;Fortwo Cabrio;Германия;DE
Smart;Fortwo Cabrio 0.8;Германия;DE
Smart;Fortwo Coupe 0.7;Германия;DE
Morgan;Four Four 1.8;Виргинские о-ва (Британские);VG
Morgan;Four Seater 1.8;Виргинские о-ва (Британские);VG
Mitsubishi;Freeca;Япония;JP
Honda;Freed;Япония;JP
Land Rover;Freelander 2 I6 HSE AT6;США;US
Land Rover;Freelander 2 I6 SE AT6;США;US
Land Rover;Freelander 2 TD4 HSE MT6;США;US
Land Rover;Freelander 2 TD4 S MT6;США;US
Land Rover;Freelander 2 TD4 SE MT6;США;US
HAIMA;Freema;Китай;CN
Opel;Frontera;Германия;DE
Nissan;Frontier;Япония;JP
Toyota;Frontlander;Япония;JP
Nissan;Fuga;Япония;JP
Fiat;Fullback;Италия;IT
Toyota;FunCargo;Япония;JP
Ford;Fusion;США;US
Ford;Fusion Core 1.4;США;US
Ford;Fusion Elegance 1.4;США;US
Ford;Fusion Elegance 1.6;США;US
Ford;Fusion Trend 1.4;США;US
Ford;Fusion Trend 1.6;США;US
Infiniti;G 35 Premium;Япония;JP
Infiniti;G 35 Sport;Япония;JP
Mercedes;G 55 K AMG 5.0;Германия;DE
Infiniti;G Coupe 37 Sport;Япония;JP
Mercedes;G-Class 3D G 320;Германия;DE
Mercedes;G-Class 3D G 500;Германия;DE
Mercedes;G-Class 5D G 320;Германия;DE
Mercedes;G-Class 5D G 500;Германия;DE
Mercedes;G-Class Cabrio G 320;Германия;DE
Mercedes;G-Class Cabrio G 500;Германия;DE
BYD;G3;Китай;CN
BYD;G6;Китай;CN
Genesis;G70;Корея;KR
Genesis;G80;Корея;KR
Genesis;G90;Корея;KR
Mitsuoka;GALUE_CONVERTIBLE V6 Cabriolet;Япония;JP
Mitsuoka;GALUE_CONVERTIBLE V8 Cabriolet;Япония;JP
GAC;GE3;Китай;CN
Mercedes;GL-Class AMG;Германия;DE
Mercedes;GL-Class GL 320;Германия;DE
Mercedes;GL-Class GL 450;Германия;DE
Mercedes;GL-Class GL 500;Германия;DE
Mercedes;GLA;Германия;DE
Mercedes;GLA  AMG;Германия;DE
Mercedes;GLB;Германия;DE
Mercedes;GLB AMG;Германия;DE
Mercedes;GLC;Германия;DE
Mercedes;GLC AMG;Германия;DE
Mercedes;GLC Coupe;Германия;DE
Mercedes;GLC Coupe AMG;Германия;DE
Mercedes;GLE;Германия;DE
Mercedes;GLE AMG;Германия;DE
Mercedes;GLE Coupe;Германия;DE
Mercedes;GLE Coupe AMG;Германия;DE
Mercedes;GLK-Class GLK 280;Германия;DE
Mercedes;GLK-Class GLK 320;Германия;DE
Mercedes;GLK-Class GLK 350;Германия;DE
Mercedes;GLS;Германия;DE
Mercedes;GLS AMG;Германия;DE
GAC;GN8;Китай;CN
Datsun;GO;Япония;JP
Datsun;GO+;Япония;JP
Toyota;GR86;Япония;JP
Lexus;GS 300 Executive;Япония;JP
Lexus;GS 300 Luxury;Япония;JP
Lexus;GS 300 Premium;Япония;JP
Lexus;GS 450h;Япония;JP
Lexus;GS 460 Luxury;Япония;JP
GAC;GS5;Китай;CN
GAC;GS8;Китай;CN
Alfa Romeo;GT;Италия;IT
Alfa Romeo;GT 1.8L MT;Италия;IT
Alfa Romeo;GT 2.0L AT;Италия;IT
Alfa Romeo;GT 2.0L MT;Италия;IT
Alfa Romeo;GT 3.2L MT;Италия;IT
Nissan;GT-R;Япония;JP
Toyota;GT86;Япония;JP
Mitsubishi;GTO;Япония;JP
Genesis;GV60;Корея;KR
Genesis;GV70;Корея;KR
Genesis;GV80;Корея;KR
Toyota;Gaia;Япония;JP
Mitsubishi;Galant;Япония;JP
Mitsubishi;Galant Fortis;Япония;JP
Mitsubishi;Galant Instyle;Япония;JP
Mitsubishi;Galant Intense;Япония;JP
Ford;Galaxy;США;US
Ford;Galaxy Core 1.8;США;US
Ford;Galaxy Core 2.0;США;US
Ford;Galaxy Core 2.3;США;US
Ford;Galaxy Ghia 2.0;США;US
Ford;Galaxy Ghia 2.2;США;US
Ford;Galaxy Ghia 2.3;США;US
Ford;Galaxy Titanium 2.0;США;US
Ford;Galaxy Titanium 2.2;США;US
Ford;Galaxy Titanium 2.3;США;US
Ford;Galaxy Trend 1.8;США;US
Ford;Galaxy Trend 2.0;США;US
Ford;Galaxy Trend 2.3;США;US
Lamborghini;Gallardo;Италия;IT
Lamborghini;Gallardo GT;Италия;IT
Lamborghini;Gallardo GT3;Италия;IT
Lamborghini;Gallardo LP560-4 5.3;Италия;IT
Lamborghini;Gallardo Nera;Италия;IT
Lamborghini;Gallardo SE;Италия;IT
Lamborghini;Gallardo Spyder;Италия;IT
Lamborghini;Gallardo Spyder 5.0;Италия;IT
Lamborghini;Gallardo Superleggera;Италия;IT
Lamborghini;Gallardo Superleggera 5.0;Италия;IT
Hyundai;Galloper;Корея;KR
Mitsuoka;Galue 250LX Sedan;Япония;JP
Mitsuoka;Galue 250ST Sedan;Япония;JP
Mitsuoka;Galue 350LX;Япония;JP
Hyundai;Genesis;Корея;KR
Hyundai;Genesis Coupe;Корея;KR
Hyundai;Genesis Grand 3.8;Корея;KR
Hyundai;Genesis Luxury 3.8;Корея;KR
Ravon;Gentra;Узбекистан;UZ
Geely;Geometry A;Китай;CN
Geely;Geometry C;Китай;CN
Hyundai;Getz 3D GL 1.1;Корея;KR
Hyundai;Getz 5D GL 1.1;Корея;KR
Hyundai;Getz 5D GL 1.4;Корея;KR
Hyundai;Getz 5D GLS 1.4;Корея;KR
Maserati;Ghibli II 2.0;Италия;IT
Maserati;Ghibli II 2.8;Италия;IT
Buick;Gl8 3.0 i V6;США;US
Nissan;Gloria;Япония;JP
Volkswagen;Golf 3D;Германия;DE
Volkswagen;Golf 3D 1.4;Германия;DE
Volkswagen;Golf 3D 1.6;Германия;DE
Volkswagen;Golf 3D 1.9;Германия;DE
Volkswagen;Golf 3D 2.0;Германия;DE
Volkswagen;Golf 3D GTI;Германия;DE
Volkswagen;Golf 3D GTI 2.0;Германия;DE
Volkswagen;Golf 5D;Германия;DE
Volkswagen;Golf 5D 1.4;Германия;DE
Volkswagen;Golf 5D 1.6;Германия;DE
Volkswagen;Golf 5D 1.9;Германия;DE
Volkswagen;Golf 5D 2.0;Германия;DE
Volkswagen;Golf GTI;Германия;DE
Volkswagen;Golf Plus;Германия;DE
Volkswagen;Golf Plus 1.4;Германия;DE
Volkswagen;Golf Plus 1.6;Германия;DE
Volkswagen;Golf Plus 1.9;Германия;DE
Volkswagen;Golf Plus 2.0;Германия;DE
Volkswagen;Golf R;Германия;DE
Maserati;GranSport 4.2 i;Италия;IT
Pontiac;Grand Am 2.2;США;US
Pontiac;Grand Am 2.4;США;US
Pontiac;Grand Am 3.1;США;US
Pontiac;Grand Am 3.4;США;US
Citroen;Grand C4 Picasso 1.6;Франция;FR
Citroen;Grand C4 Picasso 1.8i;Франция;FR
Citroen;Grand C4 Picasso 2.0;Франция;FR
Citroen;Grand C4 Picasso T;Франция;FR
Citroen;Grand C4 Picasso VTI;Франция;FR
Jeep;Grand Cherokee 3.0;США;US
Jeep;Grand Cherokee 4.7;США;US
Jeep;Grand Cherokee SRT8 6.1;США;US
Toyota;Grand HiAce;Япония;JP
Pontiac;Grand Prix 3.8;США;US
Renault;Grand Scenic Confort 1.6;Франция;FR
Renault;Grand Scenic Dinamique;Франция;FR
Renault;Grand Scenic Dinamique 2.0;Франция;FR
Renault;Grand Scenic Genea 1.6;Франция;FR
Hyundai;Grand Starex;Корея;KR
Suzuki;Grand Vitara 3d;Япония;JP
Suzuki;Grand Vitara 3d 1.6;Япония;JP
Suzuki;Grand Vitara 3d 2.4;Япония;JP
Suzuki;Grand Vitara 5d;Япония;JP
Suzuki;Grand Vitara 5d 2.0;Япония;JP
Suzuki;Grand Vitara 5d 2.4;Япония;JP
Suzuki;Grand Vitara 5d 3.2;Япония;JP
Plymouth;Grand Voyager 3.0 i;США;US
Plymouth;Grand Voyager 3.3 i;США;US
Plymouth;Grand Voyager 3.8 i;США;US
Plymouth;Grand Voyager II 2.4 i;США;US
Plymouth;Grand Voyager II 3.0;США;US
Plymouth;Grand Voyager II 3.3;США;US
Plymouth;Grand Voyager II 3.8;США;US
Chrysler;Grand Voyager Limited 2.8;США;US
Chrysler;Grand Voyager Limited 3.8;США;US
ZX;GrandTiger AT-1;Китай;CN
ZX;GrandTiger MT;Китай;CN
ZX;GrandTiger MT-2;Китай;CN
ZX;GrandTiger MT-3;Китай;CN
Fiat;Grande Punto 3D 1.2;Италия;IT
Fiat;Grande Punto 5D 1.4;Италия;IT
Hyundai;Grandeur;Корея;KR
Hyundai;Grandeur GLS 2.7;Корея;KR
Hyundai;Grandeur GLS 3.3;Корея;KR
Mitsubishi;Grandis 2.4;Япония;JP
Opel;Grandland X;Германия;DE
LADA;Granta;Россия;RU
LADA;Granta Cross;Россия;RU
Toyota;Granvia;Япония;JP
Hyundai;H-1;Корея;KR
Hyundai;H-1 GLS1 2.5;Корея;KR
Hyundai;H-1 GLS2 2.5;Корея;KR
Haval;H2;Китай;CN
Hummer;H2 Adventure 1;США;US
Hummer;H2 Adventure 2;США;US
Hummer;H2 Adventure 3;США;US
Hummer;H2 Base 1;США;US
Hummer;H2 Base 2;США;US
Hummer;H2 Base 3;США;US
Hummer;H2 Luxury 1;США;US
Hummer;H2 Luxury 2;США;US
Hummer;H2 Luxury 3;США;US
Hummer;H3 Adventure AT;США;US
Hummer;H3 Base AT;США;US
Hummer;H3 Base MT;США;US
Hummer;H3 Luxury AT;США;US
DongFeng;H30 Cross;Китай;CN
Haval;H5;Китай;CN
Haval;H6;Китай;CN
Haval;H6 Coupe;Китай;CN
Haval;H6S;Китай;CN
Haval;H8;Китай;CN
Haval;H9;Китай;CN
FAW;HQ3 3GR-FE;Китай;CN
FAW;HQ3 3UZ-FE;Китай;CN
Honda;HR-V;Япония;JP
Hyundai;HYUNDAY CRETA;Корея;KR
HAIMA;Haima 3;Китай;CN
BYD;Han;Китай;CN
Toyota;Harrier;Япония;JP
Asia;Hi-topic;Корея;KR
Toyota;HiAce;Япония;JP
Toyota;Highlander;Япония;JP
Toyota;Hilux;Япония;JP
Toyota;Hilux Surf;Япония;JP
Nissan;Homy;Япония;JP
Honda;Horizon;Япония;JP
Great Wall;Hover 2.4;Китай;CN
Great Wall;Hover 2.4 i;Китай;CN
Great Wall;Hover 2.7 TD;Китай;CN
Great Wall;Hover 2.8;Китай;CN
Great Wall;Hover 2.8 TD;Китай;CN
Suzuki;Hustler;Япония;JP
Nissan;Hypermini;Япония;JP
Volkswagen;ID.3;Германия;DE
Volkswagen;ID.4;Германия;DE
Volkswagen;ID.5;Германия;DE
Volkswagen;ID.6;Германия;DE
Acura;ILX;Япония;JP
Saturn;ION 2.2 i;США;US
Saturn;ION 2.4 i;США;US
Saturn;ION Quad Coupe 2.0 i;США;US
Saturn;ION Quad Coupe 2.2 i;США;US
Lexus;IS 250 Comfort;Япония;JP
Lexus;IS 250 Executive;Япония;JP
Lexus;IS 250 Luxury;Япония;JP
Lexus;IS 250 Premium;Япония;JP
Lexus;IS 250 Sport;Япония;JP
Lexus;IS F Luxury;Япония;JP
Toyota;ISis;Япония;JP
Seat;Ibiza Reference;Испания;ES
Seat;Ibiza Reference 1.2;Испания;ES
Seat;Ibiza Reference 1.4;Испания;ES
Seat;Ibiza Sport 1.4;Испания;ES
Seat;Ibiza Sport 1.6;Испания;ES
Seat;Ibiza Stylance;Испания;ES
Seat;Ibiza Stylance 1.2;Испания;ES
Seat;Ibiza Stylance 1.4;Испания;ES
Seat;Ibiza Stylance 1.6;Испания;ES
Fiat;Idea;Италия;IT
Suzuki;Ignis;Япония;JP
Subaru;Impreza Hatchback;Япония;JP
Subaru;Impreza Hatchback 1.5;Япония;JP
Subaru;Impreza Hatchback 2.0;Япония;JP
Subaru;Impreza Hatchback WRX;Япония;JP
Subaru;Impreza Sedan;Япония;JP
Subaru;Impreza Sedan 1.5;Япония;JP
Subaru;Impreza WRX;Япония;JP
Subaru;Impreza WRX STI MT6;Япония;JP
Chery;IndiS (S18D);Китай;CN
Toyota;Innova;Япония;JP
Honda;Insight;Япония;JP
Opel;Insignia Hatchback;Германия;DE
Opel;Insignia Hatchback 1.6;Германия;DE
Opel;Insignia Hatchback 1.8;Германия;DE
Opel;Insignia Hatchback 2.0;Германия;DE
Opel;Insignia Hatchback 2.8;Германия;DE
Opel;Insignia OPC;Германия;DE
Opel;Insignia Sedan;Германия;DE
Opel;Insignia Sedan 1.6;Германия;DE
Opel;Insignia Sedan 1.8;Германия;DE
Opel;Insignia Sedan 2.0;Германия;DE
Opel;Insignia Sedan 2.8;Германия;DE
Opel;Insignia Sports Tourer;Германия;DE
Opel;Insignia Sports Tourer 1.6;Германия;DE
Opel;Insignia Sports Tourer 1.8;Германия;DE
Opel;Insignia Sports Tourer 2.0;Германия;DE
Opel;Insignia Sports Tourer 2.8;Германия;DE
Honda;Inspire;Япония;JP
Acura;Integra;Япония;JP
Honda;Integra;Япония;JP
Dodge;Intrepid;США;US
Oldsmobile;Intrigue 3.5;США;US
Toyota;Ipsum;Япония;JP
Toyota;Ist;Япония;JP
Toyota;Izoa;Япония;JP
JAC;J2 (Yueyue);Китай;CN
JAC;J3 (Tongyue,Tojoy);Китай;CN
JAC;J4 (Heyue A30);Китай;CN
JAC;J5 (Heyue);Китай;CN
JAC;J6 (Heyue RS);Китай;CN
JAC;J7;Китай;CN
JAC;J7 (Binyue);Китай;CN
Mini;JCW Basic;Виргинские о-ва (Британские);VG
Mini;JCW Chili;Виргинские о-ва (Британские);VG
Mini;JCW Clubman Basic;Виргинские о-ва (Британские);VG
Mini;JCW Clubman Chili;Виргинские о-ва (Британские);VG
JAC;JS4;Китай;CN
JAC;JS6;Китай;CN
Nissan;JUKE;Япония;JP
JMC;JX1032D;Китай;CN
JMC;JX1032DP;Китай;CN
JMC;JX1032DS;Китай;CN
JMC;JX1043DL2;Китай;CN
JMC;JX1043DPL2;Китай;CN
Honda;Jade;Япония;JP
Honda;Jazz;Япония;JP
Honda;Jazz 1.4;Япония;JP
Mitsubishi;Jeep J;Япония;JP
Volkswagen;Jetta;Германия;DE
Volkswagen;Jetta 1.4;Германия;DE
Volkswagen;Jetta 1.6;Германия;DE
Volkswagen;Jetta 1.9;Германия;DE
Geely;Jiaji;Китай;CN
GMC;Jimmy 4.3;США;US
Suzuki;Jimny;Япония;JP
Suzuki;Jimny GLX;Япония;JP
FAW;Jinn;Китай;CN
FAW;Jinn 1.1 i;Китай;CN
Kia;Joice;Корея;KR
Haval;Jolion;Китай;CN
Dodge;Journey;США;US
Dodge;Journey R/T 2.7L;США;US
Dodge;Journey SE 2.4L;США;US
Proton;Juara 1.1 i;Малайзия;MY
Nissan;Juke Nismo;Япония;JP
Subaru;Justy;Япония;JP
Kia;K3;Корея;KR
Kia;K5;Корея;KR
Kia;K7;Корея;KR
Kia;K8;Корея;KR
Kia;K9;Корея;KR
Kia;K900;Корея;KR
Kia;KX1;Корея;KR
Kia;KX3;Корея;KR
Renault;Kadjar;Франция;FR
Skoda;Kamiq;Чешская Республика;CZ
Renault;Kangoo Authentique;Франция;FR
Renault;Kangoo Authentique 1.4;Франция;FR
Renault;Kangoo Authentique 1.5;Франция;FR
Renault;Kangoo Express Confort;Франция;FR
Renault;Kangoo Express Confort 1.4;Франция;FR
Renault;Kangoo Express Confort 1.5;Франция;FR
Renault;Kangoo Express GrandConfort1.4;Франция;FR
Renault;Kangoo Express GrandConfort1.5;Франция;FR
Renault;Kangoo Expression;Франция;FR
Renault;Kangoo Expression 1.4;Франция;FR
Renault;Kangoo Expression 1.5;Франция;FR
Renault;Kaptur;Франция;FR
Skoda;Karoq;Чешская Республика;CZ
Suzuki;Kei;Япония;JP
Nissan;Kicks;Япония;JP
Chery;Kimo (A1);Китай;CN
Nissan;Kix;Япония;JP
Suzuki;Kizashi;Япония;JP
Toyota;Kluger;Япония;JP
Skoda;Kodiaq;Чешская Республика;CZ
Renault;Koleos;Франция;FR
Renault;Koleos Dinamique;Франция;FR
Renault;Koleos Dinamique 2.5;Франция;FR
Renault;Koleos Dinamique Confort 2.5;Франция;FR
Renault;Koleos Expression 2.5;Франция;FR
Renault;Koleos Luxe Privilege 2.5;Франция;FR
Renault;Koleos Privilege 2.5;Франция;FR
Hyundai;Kona;Корея;KR
Doninvest;Kondor 2.0 i;Россия;RU
Ssang Yong;Korando;Корея;KR
Ssang Yong;Korando Sports;Корея;KR
Haval;KuGou;Китай;CN
Ford;Kuga Titanium 2.0;США;US
Ford;Kuga Titanium 2.5;США;US
Ford;Kuga Trend 2.0;США;US
Ford;Kuga Trend 2.5;США;US
Ssang Yong;Kyron;Корея;KR
Ssang Yong;Kyron 2.0;Корея;KR
Ssang Yong;Kyron 2.3;Корея;KR
Mitsubishi;L 200;Япония;JP
Mitsubishi;L 300;Япония;JP
Mitsubishi;L 400;Япония;JP
BYD;L3;Китай;CN
Land Rover;LAND ROVER RANGE ROVER SPORT;США;US
Geely;LC (Panda) Cross;Китай;CN
Lexus;LEXUS LX450D;Япония;JP
Lexus;LEXUS LX570;Япония;JP
Mitsuoka;LE_SEYDE A type Coupe;Япония;JP
Mitsuoka;LE_SEYDE B type Coupe;Япония;JP
Lincoln;LS;США;US
Saturn;LS 2.2 i;США;US
Saturn;LS 3.0 i;США;US
Lexus;LS 460L;Япония;JP
Lexus;LS 600h L Luxury;Япония;JP
Lexus;LS 600h L Premium;Япония;JP
Cadillac;LSE;США;США
Saturn;LW 2.2 i;США;US
Saturn;LW 3.0 i;США;US
Lexus;LX 570;Япония;JP
Lexus;LX 570 Luxury;Япония;JP
Lexus;LX 570 Premium;Япония;JP
Buick;LaCrosse 3.6;США;US
Buick;LaCrosse 3.8;США;US
Buick;LaCrosse Concept;США;US
Chevrolet;Lacetti;США;US
Chevrolet;Lacetti Hatchback Elite;США;US
Chevrolet;Lacetti Hatchback Elite 1.4;США;US
Chevrolet;Lacetti Hatchback Elite 1.6;США;US
Chevrolet;Lacetti Hatchback Platinum;США;US
Chevrolet;Lacetti Hatchback Platinum 1.6;США;US
Chevrolet;Lacetti Hatchback Platinum 1.8;США;US
Chevrolet;Lacetti Hatchback Star 1.4;США;US
Chevrolet;Lacetti Sedan Elite;США;US
Chevrolet;Lacetti Sedan Elite 1.6;США;US
Chevrolet;Lacetti Sedan Platinum;США;US
Chevrolet;Lacetti Sedan Platinum 1.6;США;US
Chevrolet;Lacetti Sedan Platinum 1.8;США;US
Chevrolet;Lacetti Sedan Plus;США;US
Chevrolet;Lacetti Sedan Plus 1.4;США;US
Chevrolet;Lacetti Sedan Premium;США;US
Chevrolet;Lacetti Sedan Premium 1.6;США;US
Chevrolet;Lacetti Sedan Star;США;US
Chevrolet;Lacetti Sedan Star 1.4;США;US
Chevrolet;Lacetti Sedan Star 1.6;США;US
Chevrolet;Lacetti Wagon Elite;США;US
Chevrolet;Lacetti Wagon Elite 1.6;США;US
Chevrolet;Lacetti Wagon Platinum 1.6;США;US
Chevrolet;Lacetti Wagon Platinum 1.8;США;US
Chevrolet;Lacetti Wagon Plus;США;US
Chevrolet;Lacetti Wagon Plus 1.6;США;US
Chevrolet;Lacetti Wagon Star;США;US
Chevrolet;Lacetti Wagon Star 1.6;США;US
Buick;Lacrosse 3.6iV624VSupercharged;США;US
Nissan;Lafesta;Япония;JP
Renault;Laguna Este Dinamique;Франция;FR
Renault;Laguna Este Dinamique 2.0;Франция;FR
Renault;Laguna Hachback Dinamique;Франция;FR
Renault;Laguna Hachback Dinamique 1.6;Франция;FR
Renault;Laguna Hachback Dinamique 2.0;Франция;FR
Renault;Laguna Hachback Expression;Франция;FR
Renault;Laguna Hachback Expression 1.6;Франция;FR
Renault;Laguna Hachback Expression 2.0;Франция;FR
Renault;Laguna Hachback Privilege;Франция;FR
Renault;Laguna Hachback Privilege 2.0;Франция;FR
Mitsubishi;Lancer;Япония;JP
Mitsubishi;Lancer Cargo;Япония;JP
Mitsubishi;Lancer Evolution X 2.0;Япония;JP
Mitsubishi;Lancer Ralliart;Япония;JP
Mitsubishi;Lancer Station Wagon 1.6;Япония;JP
Mitsubishi;Lancer X;Япония;JP
Mitsubishi;Lancer X 1.5;Япония;JP
Mitsubishi;Lancer X 1.8;Япония;JP
Mitsubishi;Lancer X 2.0;Япония;JP
Mitsubishi;Lancer X Sportback 1.8;Япония;JP
Mitsubishi;Lancer X Sportback 2.0;Япония;JP
Toyota;Land Cruiser 200 4.5 D Luxe AT;Япония;JP
Toyota;Land Cruiser 200 4.7;Япония;JP
Toyota;Land Cruiser Prado 150;Япония;JP
Toyota;Land Cruiser Prado 2.7;Япония;JP
Toyota;Land Cruiser Prado Luna;Япония;JP
Toyota;Land Cruiser Prado Sol;Япония;JP
ZX;Landmark AT-1;Китай;CN
ZX;Landmark MT-1;Китай;CN
ZX;Landmark MT-2;Китай;CN
Suzuki;Landy;Япония;JP
Nissan;Langley;Япония;JP
Chevrolet;Lanos;США;US
Chevrolet;Lanos 1.5;США;US
Nissan;Largo;Япония;JP
LADA;Largus;Россия;RU
LADA;Largus Cross;Россия;RU
Plymouth;Laser 1.8 i;США;US
Plymouth;Laser 2.0 i;США;US
Nissan;Latio;Япония;JP
Renault;Latitude;Франция;FR
Datsun;Laurel;Япония;JP
Nissan;Laurel;Япония;JP
Buick;Le Sabre 3.8;США;US
Nissan;Leaf;Япония;JP
Subaru;Legacy;Япония;JP
Subaru;Legacy 2.0;Япония;JP
Subaru;Legacy 2.5i;Япония;JP
Subaru;Legacy 3.0;Япония;JP
Subaru;Legacy Lancaster;Япония;JP
Acura;Legend;Япония;JP
Honda;Legend 3.7;Япония;JP
Mitsubishi;Legnum;Япония;JP
Seat;Leon;Испания;ES
Seat;Leon 1.6i;Испания;ES
Seat;Leon 2.0;Испания;ES
Seat;Leon Cupra;Испания;ES
Seat;Leon Cupra 2.0;Испания;ES
Subaru;Leone;Япония;JP
Nissan;Leopard;Япония;JP
Toyota;Levin;Япония;JP
Subaru;Levorg;Япония;JP
Suzuki;Liana;Япония;JP
Mitsubishi;Libero;Япония;JP
Nissan;Liberta Villa;Япония;JP
Nissan;Liberty;Япония;JP
Jeep;Liberty 2.0;США;US
Jeep;Liberty 2.4;США;US
Daihatsu;Limousine;Япония;JP
Fiat;Linea;Италия;IT
Changan;Linmax;Китай;CN
Toyota;Lite Ace;Япония;JP
Nissan;Livina;Япония;JP
Renault;Logan;Франция;FR
Dacia;Logan 1.4;Румыния;RO
Dacia;Logan 1.6;Румыния;RO
Renault;Logan Authentique;Франция;FR
Renault;Logan Authentique 1.4;Франция;FR
Renault;Logan Expression;Франция;FR
Renault;Logan Expression 1.4;Франция;FR
Renault;Logan Expression 1.6;Франция;FR
Renault;Logan Prestige 1.6;Франция;FR
Renault;Logan Privilege 1.6;Франция;FR
Renault;Logan Stepway;Франция;FR
Renault;Logan Stolitsa 1.6;Франция;FR
Buick;Lucerne 4.6;США;US
Nissan;Lucino;Япония;JP
LANDWIND;Luxury (TDE) ABS;Китай;CN
Cadillac;Lyriq;США;США
Infiniti;M 35 AWD Elite;Япония;JP
Infiniti;M 35 AWD Premium;Япония;JP
Infiniti;M 35 RWD Elite;Япония;JP
Infiniti;M 45 Elite;Япония;JP
Infiniti;M 45 Sport;Япония;JP
Mercedes;M-Class ML 320;Германия;DE
Mercedes;M-Class ML 350;Германия;DE
Mercedes;M-Class ML 500;Германия;DE
JAC;M1 (Refine);Китай;CN
Brilliance;M1 2.0;Китай;CN
Brilliance;M1 2.4;Китай;CN
Chery;M11;Китай;CN
International;M11;США;US
Chery;M11 (A3);Китай;CN
Chery;M12;Китай;CN
Noble;M12 GTO 3.0 i;Виргинские о-ва (Британские);VG
Noble;M12 Gto 3.0 i;Виргинские о-ва (Британские);VG
Brilliance;M2 1.6;Китай;CN
Brilliance;M2 1.8;Китай;CN
Brilliance;M2 1.9;Китай;CN
Brilliance;M2 2.0;Китай;CN
Brilliance;M3 1.8i R4 16V Turbo;Китай;CN
BMW;M3 Convertible;Германия;DE
BMW;M3 Coupe;Германия;DE
BMW;M3 Sedan;Германия;DE
BMW;M5;Германия;DE
JAC;M5;Китай;CN
BMW;M5 Touring;Германия;DE
BMW;M6;Германия;DE
BYD;M6;Китай;CN
BMW;M6 Convertible;Германия;DE
Daewoo;MATIZ II Automatic;Корея;KR
Daewoo;MATIZ II BEST;Корея;KR
Daewoo;MATIZ II M;Корея;KR
Daewoo;MATIZ II MX;Корея;KR
Mitsuoka;MC-1 Mini;Япония;JP
Mitsuoka;MC-1T Mini;Япония;JP
Acura;MDX;Япония;JP
Mercedes;MERCEDES-BENZ C 180;Германия;DE
Mercedes;MERCEDES-BENZ G 63 AMG;Германия;DE
Mercedes;MERCEDES-BENZ GLS 400 D 4MATIC;Германия;DE
Mercedes;MERCEDES-BENZ GLЕ 350 D 4MATIC;Германия;DE
Geely;MK 1.5;Китай;CN
Geely;MK 1.6;Китай;CN
Geely;MK Base;Китай;CN
Geely;MK Comfort;Китай;CN
Geely;MK Elegance;Китай;CN
Lincoln;MKX;США;US
Mercedes;ML 63 AMG 4MATIC 6.2;Германия;DE
Mazda;MPV;Япония;JP
DongFeng;MPV;Китай;CN
Suzuki;MR Wagon;Япония;JP
Toyota;MR-S;Япония;JP
Toyota;MR2;Япония;JP
Mazda;MX-30;Япония;JP
Mazda;MX-5 1.8;Япония;JP
Mazda;MX-5 2.0;Япония;JP
Kia;Magentis 2.0;Корея;KR
Kia;Magentis 2.7;Корея;KR
Dodge;Magnum;США;US
Chevrolet;Malibu;США;US
Opel;Manta;Германия;DE
Marcos;Mantara Spyder;Виргинские о-ва (Британские);VG
Marcos;Mantaray;Виргинские о-ва (Британские);VG
Marcos;Mantis;Виргинские о-ва (Британские);VG
Nissan;March;Япония;JP
Mercedes;Marco Polo;Германия;DE
Fiat;Marea;Италия;IT
Mercury;Mariner L4 4x2;США;US
Mercury;Mariner L4 4x4;США;US
Mercury;Mariner V6 4x2;США;US
Mercury;Mariner V6 4x4;США;US
Toyota;Mark II;Япония;JP
Lincoln;Mark LT;США;US
Lincoln;Mark VI;США;US
Lincoln;Mark VII;США;US
Lincoln;Mark VIII;США;US
Toyota;Mark X;Япония;JP
Toyota;Mark X ZiO;Япония;JP
Toyota;MasterAce Surf;Япония;JP
Ravon;Matiz;Узбекистан;UZ
Chevrolet;Matiz;США;US
Toyota;Matrix;Япония;JP
Hyundai;Matrix;Корея;KR
Hyundai;Matrix GL 1.6;Корея;KR
Hyundai;Matrix GL 1.8;Корея;KR
Hyundai;Matrix GLS 1.8;Корея;KR
Ford;Maverick;США;US
Nissan;Maxima;Япония;JP
Mercedes;Maybach;Германия;DE
Toyota;Mega Cruiser;Япония;JP
Renault;Megane Este Business;Франция;FR
Renault;Megane Este Business 1.6;Франция;FR
Renault;Megane Este Confort;Франция;FR
Renault;Megane Este Confort 1.6;Франция;FR
Renault;Megane Este Extreme;Франция;FR
Renault;Megane Este Extreme 1.6;Франция;FR
Renault;Megane Hchback Business;Франция;FR
Renault;Megane Hchback Business 1.6;Франция;FR
Renault;Megane Hchback Confort;Франция;FR
Renault;Megane Hchback Confort 1.6;Франция;FR
Renault;Megane RS;Франция;FR
Renault;Megane Sedan Authentique 1.4;Франция;FR
Renault;Megane Sedan Business;Франция;FR
Renault;Megane Sedan Business 1.6;Франция;FR
Renault;Megane Sedan Business 2.0;Франция;FR
Renault;Megane Sedan Confort;Франция;FR
Renault;Megane Sedan Confort 1.6;Франция;FR
Renault;Megane Sedan Extreme II;Франция;FR
Renault;Megane Sedan Extreme II 1.6;Франция;FR
Kia;Mentor;Корея;KR
Mercedes;Mercedes- Benz GLC 250 4;Германия;DE
Opel;Meriva;Германия;DE
Opel;Meriva 1.3;Германия;DE
Opel;Meriva 1.4;Германия;DE
Opel;Meriva 1.6;Германия;DE
Opel;Meriva OPC;Германия;DE
Opel;Meriva OPC 1.6;Германия;DE
Alfa Romeo;MiTo 1.4T MT Energy;Италия;IT
Alfa Romeo;MiTo 1.4T MT Move;Италия;IT
Nissan;Micra 3D Comfort;Япония;JP
Nissan;Micra 3D Comfort 1.2;Япония;JP
Nissan;Micra 3D Tekna 1.4;Япония;JP
Nissan;Micra 5D Active Luxury;Япония;JP
Nissan;Micra 5D Comfort;Япония;JP
Nissan;Micra 5D Comfort 1.2;Япония;JP
Nissan;Micra 5D Luxury 1.2;Япония;JP
Nissan;Micra 5D Luxury 1.4;Япония;JP
Nissan;Micra 5D Tekna;Япония;JP
Nissan;Micra 5D Tekna 1.4;Япония;JP
Mercury;Milan;США;US
Innocenti;Mille;Италия;IT
Mazda;Millenia;Япония;JP
Mitsubishi;Minica;Япония;JP
Mitsubishi;Minicab;Япония;JP
Mitsubishi;Mirage;Япония;JP
Toyota;Mirai;Япония;JP
Nissan;Mistral;Япония;JP
Lamborghini;Miura Concept;Италия;IT
Nissan;Moco;Япония;JP
Toyota;Model F;Япония;JP
Renault;Modus;Франция;FR
Kia;Mohave;Корея;KR
Opel;Mokka;Германия;DE
Ford;Mondeo 4D Core 1.6;США;US
Ford;Mondeo 4D Core 2.0;США;US
Ford;Mondeo 4D Core 2.3;США;US
Ford;Mondeo 4D Ghia 2.0;США;US
Ford;Mondeo 4D Ghia 2.3;США;US
Ford;Mondeo 4D Ghia 2.5;США;US
Ford;Mondeo 4D Ghia X 2.0;США;US
Ford;Mondeo 4D Ghia X 2.3;США;US
Ford;Mondeo 4D Ghia X 2.5;США;US
Ford;Mondeo 4D Titanium 2.0;США;US
Ford;Mondeo 4D Titanium 2.3;США;US
Ford;Mondeo 4D Titanium 2.5;США;US
Ford;Mondeo 4D Titanium X 2.0;США;US
Ford;Mondeo 4D Titanium X 2.3;США;US
Ford;Mondeo 4D Titanium X 2.5;США;US
Ford;Mondeo 4D Trend 2.0;США;US
Ford;Mondeo 4D Trend 2.3;США;US
Ford;Mondeo 5D Sport 2.2;США;US
Ford;Mondeo 5D Sport 2.5;США;US
Ford;Mondeo 5D Titanium 2.0;США;US
Ford;Mondeo 5D Titanium 2.2;США;US
Ford;Mondeo 5D Titanium X 2.2;США;US
Ford;Mondeo 5D Titanium X 2.3;США;US
Ford;Mondeo 5D Trend 2.0;США;US
Ford;Mondeo 5W Sport 2.2;США;US
Ford;Mondeo 5W Sport 2.5;США;US
Ford;Mondeo 5W Titanium X 2.0;США;US
Ford;Mondeo 5W Titanium X 2.2;США;US
Ford;Mondeo 5W Trend 2.0;США;US
Geely;Monjaro;Китай;CN
Pontiac;Montana 3.4;США;US
Rover;Montego 1.3;Виргинские о-ва (Британские);VG
Rover;Montego 1.6;Виргинские о-ва (Британские);VG
Rover;Montego 2.0;Виргинские о-ва (Британские);VG
Rover;Montego 2.0 i;Виргинские о-ва (Британские);VG
Rover;Montego 3.0 i;Виргинские о-ва (Британские);VG
Opel;Monterey;Германия;DE
Mitsubishi;Montero;Япония;JP
Mitsubishi;Montero Sport;Япония;JP
Volkswagen;Multivan;Германия;DE
Volkswagen;Multivan 1.9;Германия;DE
Volkswagen;Multivan 2.5;Германия;DE
Volkswagen;Multivan 3.2;Германия;DE
Nissan;Murano;Япония;JP
Nissan;Murano 3.5;Япония;JP
Nissan;Murano LE 3.5;Япония;JP
Nissan;Murano LE+ 3.5;Япония;JP
Nissan;Murano SE 3.5;Япония;JP
Nissan;Murano SE+ 3.5;Япония;JP
Lamborghini;Murcielago;Италия;IT
Lamborghini;Murcielago 40th Anniversary;Италия;IT
Lamborghini;Murcielago Barchetta Concept;Италия;IT
Lamborghini;Murcielago LP640 купе 6.5;Италия;IT
Lamborghini;Murcielago LP640 родстер 6.5;Италия;IT
Lamborghini;Murcielago LP640VersaceEdition;Италия;IT
Lamborghini;Murcielago R-GT;Италия;IT
Lamborghini;Murcielago Roadster;Италия;IT
Lamborghini;MurcielagoLP640RoadsterVersace;Италия;IT
Lancia;Musa 1.3;Италия;IT
Lancia;Musa 1.4;Италия;IT
Lancia;Musa multijet SKY 0;Италия;IT
Ssang Yong;Musso;Корея;KR
Ssang Yong;Musso Sports;Корея;KR
Ford;Mustang;США;US
Ford;Mustang Mach-E;США;US
Ferrari;Mythos;Италия;IT
Honda;N-BOX;Япония;JP
Honda;N-WGN;Япония;JP
Hyundai;NF Sonata GL 2.0;Корея;KR
Hyundai;NF Sonata GLS 2.0;Корея;KR
Hyundai;NF Sonata GLS 2.4;Корея;KR
Isuzu;NLR85A-001;Япония;JP
Nissan;NP-300;Япония;JP
Nissan;NP-300 Pick Up;Япония;JP
Nissan;NP300;Япония;JP
Isuzu;NQP75P;Япония;JP
Isuzu;NQR75R;Япония;JP
Acura;NSX;Япония;JP
Nissan;NV100 Clipper;Япония;JP
Nissan;NV200;Япония;JP
Nissan;NV300;Япония;JP
Nissan;NV350 Caravan;Япония;JP
Nissan;NX Coupe;Япония;JP
Toyota;Nadia;Япония;JP
Nissan;Navara;Япония;JP
Nissan;Navara LE 2.5;Япония;JP
Nissan;Navara SE 2.5;Япония;JP
Nissan;Navara XE 2.5;Япония;JP
Lincoln;Navicross;США;US
Lincoln;Navigator;США;US
Dodge;Neon;США;US
Daewoo;Nexia DOHC GL;Корея;KR
Daewoo;Nexia DOHC GLE;Корея;KR
Daewoo;Nexia GL;Корея;KR
Daewoo;Nexia GLE;Корея;KR
Ravon;Nexia R3;Узбекистан;UZ
Dodge;Nitro;США;US
Dodge;Nitro 2.8;США;US
Dodge;Nitro 3.7;США;US
Dodge;Nitro 4.0;США;US
Chevrolet;Niva GLC;США;US
Chevrolet;Niva GLS;США;US
Chevrolet;Niva L;США;US
Chevrolet;Niva LC;США;US
LADA;Niva Legend;Россия;RU
Toyota;Noah;Япония;JP
Nissan;Note;Япония;JP
Nissan;Note Comfort;Япония;JP
Nissan;Note Comfort 1.4;Япония;JP
Nissan;Note Comfort 1.6;Япония;JP
Nissan;Note Luxury;Япония;JP
Nissan;Note Luxury 1.4;Япония;JP
Nissan;Note Luxury 1.6;Япония;JP
Nissan;Note Tekna 1.6;Япония;JP
Mitsuoka;Nouera 20LX Sedan;Япония;JP
Mitsuoka;Nouera 20ST Sedan;Япония;JP
Dacia;Nova 1.4 i;Румыния;RO
Dacia;Nova Седан 1.4;Румыния;RO
Kia;OPTIMA;Корея;KR
Mitsuoka;OROCHI base grade Coupe;Япония;JP
Skoda;Octavia;Чешская Республика;CZ
Skoda;Octavia 1.4;Чешская Республика;CZ
Skoda;Octavia 1.6;Чешская Республика;CZ
Skoda;Octavia 1.8;Чешская Республика;CZ
Skoda;Octavia Combi;Чешская Республика;CZ
Skoda;Octavia Combi 1.4;Чешская Республика;CZ
Skoda;Octavia Combi 1.6;Чешская Республика;CZ
Skoda;Octavia Combi 1.8;Чешская Республика;CZ
Skoda;Octavia RS;Чешская Республика;CZ
Skoda;Octavia RS 2.0;Чешская Республика;CZ
Skoda;Octavia RS Combi;Чешская Республика;CZ
Skoda;Octavia RS Combi 2.0;Чешская Республика;CZ
Skoda;Octavia Scout;Чешская Республика;CZ
Skoda;Octavia Scout 2.0;Чешская Республика;CZ
Skoda;Octavia Tour;Чешская Республика;CZ
Skoda;Octavia Tour 1.4;Чешская Республика;CZ
Skoda;Octavia Tour 1.6;Чешская Республика;CZ
Skoda;Octavia Tour 1.8;Чешская Республика;CZ
Skoda;Octavia Tour 1.9;Чешская Республика;CZ
Skoda;Octavia Tour Combi;Чешская Республика;CZ
Skoda;Octavia Tour Combi 1.4;Чешская Республика;CZ
Skoda;Octavia Tour Combi 1.6;Чешская Республика;CZ
Skoda;Octavia Tour Combi 1.8;Чешская Республика;CZ
Skoda;Octavia Tour Combi 1.9;Чешская Республика;CZ
Honda;Odyssey;Япония;JP
Geely;Okavango;Китай;CN
FAW;Oley;Китай;CN
Opel;Olympia;Германия;DE
Opel;Omega;Германия;DE
Dodge;Omni;США;US
Mini;One Basic;Виргинские о-ва (Британские);VG
Mini;One Pepper;Виргинские о-ва (Британские);VG
Mini;One Salt;Виргинские о-ва (Британские);VG
Mini;One Starter;Виргинские о-ва (Британские);VG
Toyota;Opa;Япония;JP
Kia;Opirus 3.8;Корея;KR
Daihatsu;Opti 660;Япония;JP
Chery;Oriental Son (B11);Китай;CN
Toyota;Origin;Япония;JP
Doninvest;Orion 1.4 i;Россия;RU
Doninvest;Orion 1.6 i;Россия;RU
Doninvest;Orion 2.0 i;Россия;RU
Chevrolet;Orlando;США;US
Geely;Otaka1.5;Китай;CN
DongFeng;Oting;Китай;CN
Nissan;Otti;Япония;JP
Subaru;Outback;Япония;JP
Subaru;Outback 2.5i;Япония;JP
Subaru;Outback 3.0;Япония;JP
Mitsubishi;Outlander;Япония;JP
Mitsubishi;Outlander Sport;Япония;JP
Mitsubishi;Outlander XL 2.4;Япония;JP
Mitsubishi;Outlander XL 3.0;Япония;JP
Saturn;Outlook;США;US
Saturn;Outlook 3.6 i;США;US
Chrysler;PT Cruiser 2.4;США;US
Mitsubishi;Pajero IV;Япония;JP
Mitsubishi;Pajero IV 3.0;Япония;JP
Mitsubishi;Pajero IV 3.2;Япония;JP
Mitsubishi;Pajero IV 3.8;Япония;JP
Mitsubishi;Pajero IV 3d;Япония;JP
Mitsubishi;Pajero IV 3d 3.2;Япония;JP
Mitsubishi;Pajero IV 3d 3.8;Япония;JP
Mitsubishi;Pajero Junior;Япония;JP
Mitsubishi;Pajero Mini;Япония;JP
Mitsubishi;Pajero Pinin;Япония;JP
Mitsubishi;Pajero Sport;Япония;JP
Mitsubishi;Pajero Sport 3.2;Япония;JP
Mitsubishi;Pajero iO;Япония;JP
Fiat;Palio;Италия;IT
Hyundai;Palisade;Корея;KR
Fiat;Panda 1.1;Италия;IT
Fiat;Panda 1.2;Италия;IT
Nissan;Pao;Япония;JP
Buick;Park Avenue 3.8;США;US
Rolls Royce;Park Ward 5.4;Виргинские о-ва (Британские);VG
Honda;Partner;Япония;JP
Peugeot;Partner Tepee;Франция;FR
Peugeot;Partner Tepee 1.6;Франция;FR
Peugeot;Partner VP Origin;Франция;FR
Peugeot;Partner VP Origin 1.4;Франция;FR
Peugeot;Partner VU Origin;Франция;FR
Peugeot;Partner VU Origin 1.4;Франция;FR
Peugeot;Partner VU Origin 1.9;Франция;FR
Peugeot;Partner XR;Франция;FR
Toyota;Paseo;Япония;JP
Volkswagen;Passat;Германия;DE
Volkswagen;Passat 1.4;Германия;DE
Volkswagen;Passat 1.6;Германия;DE
Volkswagen;Passat 1.8;Германия;DE
Volkswagen;Passat 1.9;Германия;DE
Volkswagen;Passat 2.0;Германия;DE
Volkswagen;Passat 3.2;Германия;DE
Volkswagen;Passat CC;Германия;DE
Volkswagen;Passat CC 1.8;Германия;DE
Volkswagen;Passat CC 2.0;Германия;DE
Volkswagen;Passat CC 3.6;Германия;DE
Volkswagen;Passat Variant;Германия;DE
Volkswagen;Passat Variant 1.4;Германия;DE
Volkswagen;Passat Variant 1.6;Германия;DE
Volkswagen;Passat Variant 1.8;Германия;DE
Volkswagen;Passat Variant 1.9;Германия;DE
Volkswagen;Passat Variant 2.0;Германия;DE
Volkswagen;Passat Variant 3.2;Германия;DE
Toyota;Passo;Япония;JP
Toyota;Passo Sette;Япония;JP
Nissan;Pathfinder;Япония;JP
Nissan;Pathfinder LE 2.5;Япония;JP
Nissan;Pathfinder LE 4.0;Япония;JP
Nissan;Pathfinder SE 2.5;Япония;JP
Nissan;Pathfinder XE;Япония;JP
Nissan;Patrol;Япония;JP
Nissan;Patrol Elegance;Япония;JP
Nissan;Patrol Elegance 3.0;Япония;JP
Nissan;Patrol Elegance 4.8;Япония;JP
Nissan;Patrol Luxury 3.0;Япония;JP
Great Wall;Pegasus 2.2;Китай;CN
Proton;Perdana;Малайзия;MY
Proton;Perdana 2.0 i;Малайзия;MY
Great Wall;Peri 1.3;Китай;CN
Great Wall;Peri 1.3i;Китай;CN
Proton;Persona 300 Compact;Малайзия;MY
Proton;Persona 300 Compact 1.3 i;Малайзия;MY
Proton;Persona 300 Compact 1.5;Малайзия;MY
Proton;Persona 300 Compact 1.6 i;Малайзия;MY
Proton;Persona 300 Compact 1.8 i;Малайзия;MY
Proton;Persona 400 1.5 i;Малайзия;MY
Proton;Persona 400 1.6 i;Малайзия;MY
Proton;Persona 400 2.0;Малайзия;MY
Proton;Persona 400 Coupe 1.8 i;Малайзия;MY
Proton;Persona 400 Hatchback;Малайзия;MY
Proton;Persona 400 Hatchback 1.3 i;Малайзия;MY
Proton;Persona 400 Hatchback 1.5 i;Малайзия;MY
Proton;Persona 400 Hatchback 1.6 i;Малайзия;MY
Proton;Persona 400 Hatchback 1.8 i;Малайзия;MY
Proton;Persona 400 Hatchback 2.0;Малайзия;MY
Volkswagen;Phaeton;Германия;DE
Volkswagen;Phaeton 3.2;Германия;DE
Volkswagen;Phaeton 4.2;Германия;DE
Volkswagen;Phaeton 6.0;Германия;DE
Rolls Royce;Phantom 6.7;Виргинские о-ва (Британские);VG
Rolls Royce;Phantom Coupe;Виргинские о-ва (Британские);VG
Rolls Royce;Phantom Drophead Coupe;Виргинские о-ва (Британские);VG
Rolls Royce;Phantom Extended 6.7;Виргинские о-ва (Британские);VG
Lancia;Phedra 2.0;Италия;IT
Lancia;Phedra 2.2;Италия;IT
Lancia;Phedra Multijet 120;Италия;IT
Kia;Picanto;Корея;KR
Kia;Picanto 1.0;Корея;KR
Kia;Picanto 1.1;Корея;KR
Toyota;Picnic;Япония;JP
Honda;Pilot;Япония;JP
Honda;Pilot 3.5;Япония;JP
Nissan;Pino;Япония;JP
Mitsubishi;Pistachio;Япония;JP
Toyota;Pixis Epoch;Япония;JP
Toyota;Pixis Joy;Япония;JP
Toyota;Pixis Mega;Япония;JP
Toyota;Pixis Space;Япония;JP
Toyota;Pixis Van;Япония;JP
Nissan;Pixo;Япония;JP
Toyota;Platz;Япония;JP
Subaru;Pleo;Япония;JP
Subaru;Pleo Plus;Япония;JP
Morgan;Plus Eight 3.9;Виргинские о-ва (Британские);VG
Morgan;Plus Four 2.0;Виргинские о-ва (Британские);VG
Derways;Plutus;Россия;RU
Volkswagen;Pointer;Германия;DE
Dodge;Polara;США;US
Volkswagen;Polo;Германия;DE
Volkswagen;Polo 3D;Германия;DE
Volkswagen;Polo 3D 1.2;Германия;DE
Volkswagen;Polo 3D 1.4;Германия;DE
Volkswagen;Polo 3D 1.6;Германия;DE
Volkswagen;Polo 5D;Германия;DE
Volkswagen;Polo 5D 1.2;Германия;DE
Volkswagen;Polo 5D 1.4;Германия;DE
Volkswagen;Polo 5D 1.6;Германия;DE
Volkswagen;Polo Sedan;Германия;DE
FSO;Polonez III 1.4 i;Польша;PL
FSO;Polonez III 1.5;Польша;PL
FSO;Polonez III 1.6;Польша;PL
FSO;Polonez III 1.6 i;Польша;PL
FSO;Polonez III 1.9;Польша;PL
Skoda;Popular;Чешская Республика;CZ
Toyota;Porte;Япония;JP
Nissan;Prairie;Япония;JP
Skoda;Praktik;Чешская Республика;CZ
Skoda;Praktik 1.2;Чешская Республика;CZ
Skoda;Praktik 1.4;Чешская Республика;CZ
Geely;Preface;Китай;CN
Honda;Prelude;Япония;JP
Mazda;Premacy;Япония;JP
Toyota;Premio;Япония;JP
Nissan;Presage;Япония;JP
Nissan;Presea;Япония;JP
Nissan;President;Япония;JP
Toyota;Previa;Япония;JP
Kia;Pride;Корея;KR
Nissan;Primastar;Япония;JP
Nissan;Primera;Япония;JP
HAFEI;Princip 1.6;Китай;CN
Toyota;Prius;Япония;JP
Toyota;Prius Alpha;Япония;JP
Toyota;Prius c;Япония;JP
Toyota;Prius v (+);Япония;JP
Toyota;ProAce;Япония;JP
Toyota;ProAce City;Япония;JP
Kia;Pro_cee'd 1.4;Корея;KR
Kia;Pro_cee'd 1.6;Корея;KR
Kia;Pro_cee'd 2.0;Корея;KR
Toyota;Probox;Япония;JP
Toyota;Progres;Япония;JP
Toyota;Pronard;Япония;JP
Mazda;Protege;Япония;JP
Mitsubishi;Proudia;Япония;JP
Toyota;Publica;Япония;JP
Nissan;Pulsar;Япония;JP
Fiat;Punto;Италия;IT
Infiniti;Q 70;Япония;JP
Audi;Q3;Германия;DE
Audi;Q5;Германия;DE
Infiniti;Q50;Япония;JP
Audi;Q7;Германия;DE
Chery;QQ;Китай;CN
Chery;QQ6 (S21);Китай;CN
Chery;QQ6 1.1i;Китай;CN
Chery;QQ6 1.3i;Китай;CN
Infiniti;QX 56;Япония;JP
Infiniti;QX 80;Япония;JP
Infiniti;QX50;Япония;JP
Nissan;Qashqai;Япония;JP
Nissan;Qashqai LE;Япония;JP
Nissan;Qashqai LE 2.0;Япония;JP
Nissan;Qashqai LE+ 2.0;Япония;JP
Nissan;Qashqai Lounge 2.0;Япония;JP
Nissan;Qashqai Lounge+;Япония;JP
Nissan;Qashqai Lounge+ 2.0;Япония;JP
Nissan;Qashqai SE;Япония;JP
Nissan;Qashqai SE 1.6 2;Япония;JP
Nissan;Qashqai SE 2.0;Япония;JP
Nissan;Qashqai SE+;Япония;JP
Nissan;Qashqai SE+ 1.6 2;Япония;JP
Nissan;Qashqai SE+ 2.0;Япония;JP
Nissan;Qashqai XE;Япония;JP
Nissan;Qashqai XE 1.6 2;Япония;JP
Nissan;Qashqai XE 2.0;Япония;JP
Nissan;Qashqai+2;Япония;JP
Nissan;Qashqai+2 LE 2.0;Япония;JP
Nissan;Qashqai+2 SE;Япония;JP
Nissan;Qashqai+2 SE+ 1.6;Япония;JP
Nissan;Qashqai+2 SE+ 2.0;Япония;JP
Nissan;Qashqai+2 XE 1.6;Япония;JP
BYD;Qin;Китай;CN
Kia;Quanlima;Корея;KR
Nissan;Quest;Япония;JP
Kia;Quoris;Корея;KR
Nissan;R'nessa;Япония;JP
Mercedes;R-Class AMG;Германия;DE
Mercedes;R-Class R 320 L;Германия;DE
Mercedes;R-Class R 350 L;Германия;DE
Mercedes;R-Class R 500 L;Германия;DE
Ravon;R2;Узбекистан;UZ
Subaru;R2;Япония;JP
Ravon;R4;Узбекистан;UZ
Audi;R8;Германия;DE
Dodge;RAM;США;US
Dodge;RAM Van;США;US
Toyota;RAV4 2.0;Япония;JP
Toyota;RAV4 2.4;Япония;JP
Peugeot;RCZ;Франция;FR
Acura;RDX;Япония;JP
JAC;REFINE MPV;Китай;CN
JAC;REIN SRV;Китай;CN
Acura;RL;Япония;JP
Acura;RLX;Япония;JP
Audi;RS4;Германия;DE
Audi;RS6;Германия;DE
Audi;RS6 Avant;Германия;DE
Acura;RSX;Япония;JP
Mitsubishi;RVR;Япония;JP
Lexus;RX 350 Comfort;Япония;JP
Lexus;RX 350 Executive;Япония;JP
Lexus;RX 350 Luxury;Япония;JP
Lexus;RX 350 Premium;Япония;JP
Lexus;RX 400h Luxury;Япония;JP
Mazda;RX-8;Япония;JP
Mazda;RX-8 1.3;Япония;JP
Toyota;Ractis;Япония;JP
Changan;Raeton;Китай;CN
Dodge;Raider;США;US
Mitsubishi;Raider;Япония;JP
Buick;Rainer 4.2 i;США;US
Buick;Rainer 5.3 i;США;US
Toyota;Raize;Япония;JP
Land Rover;Range Rover Evoque;США;US
Land Rover;Range Rover Sport TDV8 HSE;США;US
Land Rover;Range Rover Sport TDV8 SE;США;US
Land Rover;Range Rover Sport V8 HSE;США;US
Land Rover;Range Rover Sport V8 SE;США;US
Land Rover;Range Rover TDV8 Vogue;США;US
Land Rover;Range Rover TDV8 Westminster;США;US
Land Rover;Range Rover V8 Supercharged;США;US
Land Rover;Range Rover V8 Vogue;США;US
Land Rover;Range Rover Velar;США;US
Land Rover;RangeRover SportV8Supercharged;США;US
Land Rover;RangeRover V8SuperchargedWestm;США;US
Ford;Ranger;США;US
Ford;Ranger Limited 1;США;US
Ford;Ranger Limited 2;США;US
Ford;Ranger Wild Track 1;США;US
Ford;Ranger Wild Track 2;США;US
Ford;Ranger XL;США;US
Ford;Ranger XLT 2;США;US
Ford;Ranger XLT 3;США;US
Skoda;Rapid;Чешская Республика;CZ
Nissan;Rasheen;Япония;JP
Toyota;Raum;Япония;JP
Mitsuoka;Ray base grade Mini;Япония;JP
JAC;Refine MT;Китай;CN
Toyota;Regius;Япония;JP
Toyota;RegiusAce;Япония;JP
JAC;Rein MT;Китай;CN
Opel;Rekord;Германия;DE
Saturn;Relay 3.5 i;США;US
Buick;Rendezvous 3.4 i;США;US
Buick;Rendezvous 3.8 i;США;US
Asia;Retona 2.0;Корея;KR
Asia;Retona 2.0 4WD;Корея;KR
Asia;Retona 2.0 TD;Корея;KR
Asia;Retona 2.0i Wagon;Корея;KR
Lamborghini;Reventon;Италия;IT
Ssang Yong;Rexton;Корея;KR
Ssang Yong;Rexton 2.7;Корея;KR
Ssang Yong;Rexton 3.2;Корея;KR
Chevrolet;Rezzo Elite;США;US
Chevrolet;Rezzo Elite 1.6;США;US
DongFeng;Rich;Китай;CN
Honda;Ridgeline;Япония;JP
Kia;Rio;Корея;KR
Kia;Rio Hatchback 1.4;Корея;KR
Kia;Rio Sedan 1.4;Корея;KR
Kia;Rio X;Корея;KR
Fiat;Ritmo;Италия;IT
TagAZ;Road Partner 2.3;Россия;RU
TagAZ;Road Partner 3.2;Россия;RU
Alpina;Roadster;Германия;DE
Smart;Roadster 0.7;Германия;DE
Smart;Roadster Coupe 0.7;Германия;DE
Daihatsu;Rocky 2.8;Япония;JP
Daihatsu;Rocky Wagon;Япония;JP
Asia;Rocsta 1.8 DX Hard Top;Корея;KR
Asia;Rocsta 1.8 DX Soft Top;Корея;KR
Asia;Rocsta 1.8 i 4x4;Корея;KR
Asia;Rocsta 2.2;Корея;KR
Asia;Rocsta 2.2 4WD;Корея;KR
Asia;Rocsta 2.2 D 4x4;Корея;KR
Asia;Rocsta 2.2 D Soft Top;Корея;KR
Asia;Rocsta 2.2 Diesel DX H/Top;Корея;KR
Asia;Rocsta 2.2 Diesel DX S/Top;Корея;KR
Asia;Rocsta 2.2 Diesel Soft Top;Корея;KR
Asia;Rocsta R2 Wagon;Корея;KR
Ssang Yong;Rodius;Корея;KR
Ssang Yong;Rodius 2.7;Корея;KR
Ssang Yong;Rodius 3.2;Корея;KR
Nissan;Rogue;Япония;JP
Nissan;Rogue Sport;Япония;JP
Skoda;Roomster;Чешская Республика;CZ
Skoda;Roomster 1.2;Чешская Республика;CZ
Skoda;Roomster 1.4;Чешская Республика;CZ
Skoda;Roomster 1.6;Чешская Республика;CZ
Skoda;Roomster 1.9;Чешская Республика;CZ
Skoda;Roomster Scout;Чешская Республика;CZ
Skoda;Roomster Scout 1.4;Чешская Республика;CZ
Skoda;Roomster Scout 1.6;Чешская Республика;CZ
Skoda;Roomster Scout 1.9;Чешская Республика;CZ
Toyota;Roomy;Япония;JP
Nissan;Roox;Япония;JP
Toyota;Rush;Япония;JP
Mitsuoka;Ryoga Soft;Япония;JP
Mercedes;S 63 AMG 6.2;Германия;DE
Mercedes;S 63 AMG L 6.2;Германия;DE
Mercedes;S 65 AMG L 6.0;Германия;DE
Mercedes;S-Class S 350;Германия;DE
Mercedes;S-Class S 350 L;Германия;DE
Mercedes;S-Class S 450;Германия;DE
Mercedes;S-Class S 450 L;Германия;DE
Mercedes;S-Class S 500;Германия;DE
Mercedes;S-Class S 500 L;Германия;DE
Mercedes;S-Class S 600 L;Германия;DE
Ford;S-MAX Core 1.8;США;US
Ford;S-MAX Core 2.0;США;US
Ford;S-MAX Core 2.3;США;US
Ford;S-MAX Sport 2.2;США;US
Ford;S-MAX Sport 2.3;США;US
Ford;S-MAX Sport 2.5;США;US
Ford;S-MAX Titanium 2.0;США;US
Ford;S-MAX Titanium 2.2;США;US
Ford;S-MAX Titanium 2.3;США;US
Ford;S-MAX Titanium 2.5;США;US
Ford;S-MAX Trend 2.0;США;US
Ford;S-MAX Trend 2.3;США;US
Ford;S-MAX Trend 2.5;США;US
JAC;S1 (Rein);Китай;CN
HAIMA;S1 Coupe;Китай;CN
JAC;S3;Китай;CN
DongFeng;S30;Китай;CN
Volvo;S40;Швеция;SE
Volvo;S40 1.6;Швеция;SE
Volvo;S40 1.8;Швеция;SE
Volvo;S40 2.4;Швеция;SE
Audi;S5;Германия;DE
OMODA;S5;Китай;CN
JAC;S5 (Eagle);Китай;CN
Audi;S6;Германия;DE
BYD;S6;Китай;CN
Audi;S6 Avant;Германия;DE
Volvo;S60;Швеция;SE
Volvo;S60 2.4;Швеция;SE
Volvo;S60 2.5;Швеция;SE
Volvo;S60 Cross Country;Швеция;SE
JAC;S7;Китай;CN
Volvo;S70;Швеция;SE
Audi;S8;Германия;DE
Volvo;S80;Швеция;SE
Volvo;S80 2.0;Швеция;SE
Volvo;S80 2.5;Швеция;SE
Volvo;S80 3.2;Швеция;SE
Volvo;S80 V8;Швеция;SE
Volvo;S90;Швеция;SE
Saturn;SC (E128);США;US
Saturn;SC (E128) 1.9 i;США;US
Saturn;SC (G127) 1.9 i;США;US
Lexus;SC 430 R1;Япония;JP
Geely;SC7;Китай;CN
Saturn;SL;США;US
Saturn;SL (55-Type);США;US
Saturn;SL (55-Type) 1.9 i;США;US
Saturn;SL 1.9 i;США;US
Mercedes;SL 63 AMG 6.2;Германия;DE
Mercedes;SL 65 AMG 6.0;Германия;DE
Mercedes;SL-Class SL 350;Германия;DE
Mercedes;SL-Class SL 500;Германия;DE
Mercedes;SL-Class SL 600;Германия;DE
Mercedes;SLC;Германия;DE
Mercedes;SLC AMG;Германия;DE
Mercedes;SLK 55 AMG 5.4;Германия;DE
Mercedes;SLK-Class SLK 200;Германия;DE
Mercedes;SLK-Class SLK 280;Германия;DE
Mercedes;SLK-Class SLK 350;Германия;DE
Mercedes;SLR McLaren;Германия;DE
Mercedes;SLS AMG;Германия;DE
Acura;SLX;Япония;JP
Cadillac;SRX 3.6 Base;США;США
Cadillac;SRX 3.6 Top;США;США
Cadillac;SRX 4.6 Mid;США;США
Cadillac;SRX 4.6 Top;США;США
Cadillac;STS 3.6;США;США
Cadillac;STS 4.6 AWD;США;США
Cadillac;STS 4.6 RWD;США;США
Subaru;SVX;Япония;JP
Saturn;SW (85 -type) 1.9 i;США;US
Saturn;SW 1.9 i;США;US
Suzuki;SX4;Япония;JP
Suzuki;SX4 GLX;Япония;JP
Suzuki;SX4 Sedan;Япония;JP
Suzuki;SX4 Sedan GLA;Япония;JP
Mercury;Sable 3.5 4x2;США;US
Mercury;Sable 3.5 4x4;США;US
Nissan;Safari;Япония;JP
Great Wall;Safe;Китай;CN
Renault;Safrane;Франция;FR
Proton;Saga;Малайзия;MY
Proton;Saga 1.3 i;Малайзия;MY
Proton;Saga 1.5 i;Малайзия;MY
Toyota;Sai;Япония;JP
Great Wall;Sailor;Китай;CN
Great Wall;Sailor 2.2;Китай;CN
Great Wall;Sailor 2.2 i;Китай;CN
Proton;Saloon 1.3 i;Малайзия;MY
Proton;Saloon 1.5 i;Малайзия;MY
Proton;Saloon Aeroback;Малайзия;MY
Proton;Saloon Aeroback 1.3 i;Малайзия;MY
Proton;Saloon Aeroback 1.5 i;Малайзия;MY
Subaru;Sambar;Япония;JP
Suzuki;Samurai;Япония;JP
Renault;Sandero;Франция;FR
Dacia;Sandero 1.6;Румыния;RO
Renault;Sandero RS;Франция;FR
Hyundai;Santa Cruz;Корея;KR
Hyundai;Santa Fe;Корея;KR
Hyundai;Santa Fe Classic AT3 2.0;Корея;KR
Hyundai;Santa Fe Classic AT4 2.7;Корея;KR
Hyundai;Santa Fe Classic AT6 2.7;Корея;KR
Hyundai;Santa Fe Classic MT1 2.0;Корея;KR
Hyundai;Santa Fe Classic MT2 2.0;Корея;KR
Hyundai;Santa Fe Classic MT5 2.0;Корея;KR
Hyundai;Santa Fe GLS 2.2;Корея;KR
Hyundai;Santa Fe GLS 2.7;Корея;KR
Hyundai;Santamo;Корея;KR
Mitsubishi;Sapporo;Япония;JP
GMC;Savana StarCraft 4.3;США;US
GMC;Savana StarCraft 5.3;США;US
Mitsubishi;Savrin;Япония;JP
Citroen;Saxo 1.1;Франция;FR
Citroen;Saxo 1.4;Франция;FR
Citroen;Saxo 1.5 D;Франция;FR
Citroen;Saxo 1.6;Франция;FR
Citroen;Saxo VTS 1.6;Франция;FR
Skoda;Scala;Чешская Республика;CZ
Renault;Scenic;Франция;FR
Renault;Scenic Conquest;Франция;FR
Renault;Scenic Conquest 1.6;Франция;FR
Renault;Scenic Conquest 2.0;Франция;FR
Renault;Scenic Dinamique;Франция;FR
Renault;Scenic Dinamique 2.0;Франция;FR
Renault;Scenic Genea;Франция;FR
Renault;Scenic Genea 1.6;Франция;FR
Renault;Scenic Panoramique;Франция;FR
Renault;Scenic Panoramique 1.6;Франция;FR
Toyota;Scepter;Япония;JP
Volkswagen;Scirocco;Германия;DE
Volkswagen;Scirocco 1.4;Германия;DE
Volkswagen;Scirocco 2.0;Германия;DE
Ford;Scorpio;США;US
Mazda;Scrum;Япония;JP
Fiat;Scudo;Италия;IT
BYD;Seal;Китай;CN
Chrysler;Sebring Cabrio Limited 2.7;США;US
Chrysler;Sebring Limited 2.4;США;US
Chrysler;Sebring Limited 2.7;США;US
Fiat;Sedici Dynamic 4x2;Италия;IT
Fiat;Sedici Emotion 4x4;Италия;IT
JAC;Sehol A5 Plus;Китай;CN
JAC;Sehol Aipao;Китай;CN
JAC;Sehol E20X;Китай;CN
JAC;Sehol X8;Китай;CN
JAC;Sehol X8 Plus;Китай;CN
Kia;Seltos;Корея;KR
Opel;Senator;Германия;DE
Mazda;Sentia;Япония;JP
Nissan;Sentra;Япония;JP
Kia;Sephia;Корея;KR
Toyota;Sequoia;Япония;JP
Toyota;Sera;Япония;JP
Nissan;Serena;Япония;JP
Cadillac;Series 62;США;США
Land Rover;Series I;США;US
Land Rover;Series II;США;US
Land Rover;Series III;США;US
Cadillac;Seville;США;США
Volkswagen;Sharan;Германия;DE
Changan;Shenlan SL03;Китай;CN
Kia;Shuma;Корея;KR
Derways;Shuttle;Россия;RU
Honda;Shuttle;Япония;JP
DADI;Shuttle 2.4;Китай;CN
DADI;Shuttle 2.8;Китай;CN
Suzuki;Sidekick;Япония;JP
Toyota;Sienna;Япония;JP
Toyota;Sienta;Япония;JP
Ford;Sierra;США;US
GMC;Sierra 4.3;США;US
GMC;Sierra 4.8;США;US
GMC;Sierra 5.3;США;US
Mitsubishi;Sigma;Япония;JP
Opel;Signum;Германия;DE
Opel;Signum 1.8;Германия;DE
Opel;Signum 2.0;Германия;DE
Opel;Signum 2.2;Германия;DE
Opel;Signum 2.8;Германия;DE
Oldsmobile;Silhouette 3.3 i;США;US
Rolls Royce;Silver Seraph;Виргинские о-ва (Британские);VG
Chevrolet;Silverado;США;US
Nissan;Silvia;Япония;JP
HAFEI;Simbo 1.6;Китай;CN
Mercedes;Simplex;Германия;DE
Opel;Sintra;Германия;DE
Daihatsu;Sirion 1.0;Япония;JP
Daihatsu;Sirion 1.0 CX;Япония;JP
Smart;Sity Cabrio;Германия;DE
Smart;Sity Cabrio 0.6;Германия;DE
Smart;Sity Cabrio 0.7;Германия;DE
Smart;Sity Coupe;Германия;DE
Smart;Sity Coupe 0.6;Германия;DE
Smart;Sity Coupe 0.7;Германия;DE
Smart;Sity Coupe 0.8;Германия;DE
Smart;Sity Crossblade;Германия;DE
Saturn;Sky 2.0 i;США;US
Saturn;Sky 2.4 i;США;US
Saturn;Sky Roadster;США;US
Buick;Skylark 3.1 V6 Coupe;США;US
Nissan;Skyline;Япония;JP
Nissan;Skyline Crossover;Япония;JP
Innocenti;Small;Италия;IT
DADI;Smoothing 2.3;Китай;CN
DADI;Smoothing 2.4;Китай;CN
Toyota;Soarer;Япония;JP
Hyundai;Solaris;Корея;KR
Dacia;Solenza 1.4 i;Румыния;RO
Dacia;Solenza 1.9;Румыния;RO
Suzuki;Solio;Япония;JP
Toyota;Soluna;Япония;JP
Hyundai;Sonata AT3 2.0;Корея;KR
Hyundai;Sonata AT4 2.7;Корея;KR
Hyundai;Sonata AT8 2.7;Корея;KR
Hyundai;Sonata MT1 2.0;Корея;KR
Hyundai;Sonata MT10 2.7;Корея;KR
Hyundai;Sonata MT2 2.0;Корея;KR
Hyundai;Sonata MT9 2.7;Корея;KR
BYD;Song EV;Китай;CN
BYD;Song Max;Китай;CN
BYD;Song Plus;Китай;CN
BYD;Song Pro;Китай;CN
Kia;Sorento;Корея;KR
Kia;Sorento 2.5;Корея;KR
Kia;Sorento 3.3;Корея;KR
Kia;Soul;Корея;KR
Kia;Soul 1.6;Корея;KR
Kia;Soul EV;Корея;KR
Mitsubishi;Space Gear;Япония;JP
Mitsubishi;Space Runner;Япония;JP
Mitsubishi;Space Star;Япония;JP
Citroen;Space Tourer;Франция;FR
Mitsubishi;Space Wagon;Япония;JP
Suzuki;Spacia;Япония;JP
Toyota;Spade;Япония;JP
Chevrolet;Spark;США;US
Chevrolet;Spark Direct;США;US
Chevrolet;Spark Direct 0.8;США;US
Chevrolet;Spark Elite;США;US
Chevrolet;Spark Elite 1.0;США;US
Chevrolet;Spark Plus;США;US
Chevrolet;Spark Plus 0.8;США;US
Chevrolet;Spark Premium;США;US
Chevrolet;Spark Premium 1.0;США;US
Chevrolet;Spark Star;США;US
Chevrolet;Spark Star 0.8;США;US
Toyota;Sparky;Япония;JP
ARO;Spartana 1.4;Румыния;RO
Citroen;Special DeLuxe;Франция;FR
Kia;Spectra 1.6;Корея;KR
Ford;Spectron;США;US
Mazda;Spiano;Япония;JP
Alfa Romeo;Spider 2.2L;Италия;IT
Alfa Romeo;Spider 3.2L;Италия;IT
Suzuki;Splash;Япония;JP
Kia;Sportage 2.0;Корея;KR
Toyota;Sports 800;Япония;JP
Toyota;Sprinter;Япония;JP
Toyota;Sprinter Carib;Япония;JP
Toyota;Sprinter Marino;Япония;JP
Toyota;Sprinter Trueno;Япония;JP
Maserati;Spyder 4.2 i;Италия;IT
Nissan;Stagea;Япония;JP
Datsun;Stanza;Япония;JP
Nissan;Stanza;Япония;JP
Hyundai;Starex;Корея;KR
Hyundai;Staria;Корея;KR
Mitsubishi;Starion;Япония;JP
Toyota;Starlet;Япония;JP
Dodge;Stealth;США;US
Subaru;Stella;Япония;JP
Honda;Stepwgn;Япония;JP
Fiat;Stilo;Италия;IT
Kia;Stinger;Корея;KR
Kia;Stonic;Корея;KR
Mitsubishi;Strada;Япония;JP
Dodge;Stratus;США;US
Honda;Stream;Япония;JP
Honda;Street;Япония;JP
Chevrolet;Suburban;США;US
Toyota;Succeed;Япония;JP
Pontiac;Sunfire 2.2;США;US
Datsun;Sunny;Япония;JP
Nissan;Sunny;Япония;JP
Dodge;Super Bee;США;US
Opel;Super Six;Германия;DE
Skoda;Superb;Чешская Республика;CZ
Skoda;Superb 1.4;Чешская Республика;CZ
Skoda;Superb 1.8;Чешская Республика;CZ
Skoda;Superb 2.0;Чешская Республика;CZ
Toyota;Supra;Япония;JP
Chery;Sweet (QQ);Китай;CN
Suzuki;Swift 1.3;Япония;JP
Suzuki;Swift 1.5;Япония;JP
Nissan;Sylphy Zero Emission;Япония;JP
Renault;Symbol;Франция;FR
Renault;Symbol Authentique;Франция;FR
Renault;Symbol Authentique 1.4;Франция;FR
Renault;Symbol Expression;Франция;FR
Renault;Symbol Expression 1.4;Франция;FR
Renault;Symbol Privilege;Франция;FR
Renault;Symbol Privilege 1.4;Франция;FR
Mercedes;T-Class;Германия;DE
TVR;T350;Виргинские о-ва (Британские);VG
TVR;T400 R 4.0;Виргинские о-ва (Британские);VG
TVR;T440 R 4.0;Виргинские о-ва (Британские);VG
DongFeng;T5L;Китай;CN
JAC;T6;Китай;CN
JAC;T8 Pro;Китай;CN
MG;TF 1.6 i;Виргинские о-ва (Британские);VG
MG;TF 1.8 i;Виргинские о-ва (Британские);VG
Acura;TL;Япония;JP
Acura;TLX;Япония;JP
Toyota;TOYOTA LAND CRUISER 200;Япония;JP
Toyota;TOYOTA PRIUS;Япония;JP
Marcos;TS 250 2.5 i;Виргинские о-ва (Британские);VG
Marcos;TSO 5.7;Виргинские о-ва (Британские);VG
Acura;TSX;Япония;JP
Audi;TT Coupe;Германия;DE
Audi;TT Roadster;Германия;DE
Audi;TTS;Германия;DE
Toyota;Tacoma;Япония;JP
TagAZ;Tager;Россия;RU
TagAZ;Tager 2.3;Россия;RU
TagAZ;Tager 3.2;Россия;RU
Chevrolet;Tahoe;США;US
Renault;Talisman;Франция;FR
BYD;Tang;Китай;CN
Toyota;Tank;Япония;JP
Volkswagen;Taos;Германия;DE
Ford;Taurus;США;US
Volkswagen;Tayron;Германия;DE
Nissan;Teana;Япония;JP
Nissan;Teana Elegance 2.5;Япония;JP
Nissan;Teana Luxury;Япония;JP
Nissan;Teana Luxury 2.5;Япония;JP
Nissan;Teana Luxury 3.5;Япония;JP
Nissan;Teana Premium 2.5;Япония;JP
Nissan;Teana Premium 3.5;Япония;JP
Kia;Telluride;Корея;KR
Fiat;Tempra;Италия;IT
Volkswagen;Teramont;Германия;DE
Toyota;Tercel;Япония;JP
Daihatsu;Terios 0.7;Япония;JP
Daihatsu;Terios 1.3;Япония;JP
Daihatsu;Terios SX;Япония;JP
Nissan;Terra;Япония;JP
Hyundai;Terracan;Корея;KR
Nissan;Terrano;Япония;JP
Nissan;Terrano Regulus;Япония;JP
Buick;Terraza 3.5 i;США;US
Lancia;Thesis 2.4;Италия;IT
Lancia;Thesis 3.0;Италия;IT
Ford;Thunderbird;США;US
Chery;Tiggo (T11);Китай;CN
Chery;Tiggo 2;Китай;CN
Chery;Tiggo 2.0L;Китай;CN
Chery;Tiggo 2.4L;Китай;CN
Chery;Tiggo 3;Китай;CN
Chery;Tiggo 3xe;Китай;CN
Chery;Tiggo 4;Китай;CN
Chery;Tiggo 4 Pro;Китай;CN
Chery;Tiggo 5;Китай;CN
Chery;Tiggo 7;Китай;CN
Chery;Tiggo 7 Pro;Китай;CN
Chery;Tiggo 7 Pro Max;Китай;CN
Chery;Tiggo 8;Китай;CN
Chery;Tiggo 8 Pro;Китай;CN
Chery;Tiggo 8 Pro Max;Китай;CN
Opel;Tigra;Германия;DE
Volkswagen;Tiguan;Германия;DE
Volkswagen;Tiguan 1.4;Германия;DE
Volkswagen;Tiguan 2.0;Германия;DE
Nissan;Tiida 4D Comfort;Япония;JP
Nissan;Tiida 4D Comfort 1.6;Япония;JP
Nissan;Tiida 4D Elegance;Япония;JP
Nissan;Tiida 4D Elegance 1.6;Япония;JP
Nissan;Tiida 4D Elegance 1.8;Япония;JP
Nissan;Tiida 4D Tekna;Япония;JP
Nissan;Tiida 4D Tekna 1.6;Япония;JP
Nissan;Tiida 5D Comfort;Япония;JP
Nissan;Tiida 5D Comfort 1.6;Япония;JP
Nissan;Tiida 5D Elegance;Япония;JP
Nissan;Tiida 5D Elegance 1.6;Япония;JP
Nissan;Tiida 5D Elegance 1.8;Япония;JP
Nissan;Tiida 5D Tekna 1.6;Япония;JP
Nissan;Tiida 5D Tekna 1.8;Япония;JP
Vortex;Tingo;Россия;RU
Nissan;Tino;Япония;JP
Fiat;Tipo;Италия;IT
Nissan;Titan;Япония;JP
Seat;Toledo;Испания;ES
Seat;Toledo 1.6i;Испания;ES
Seat;Toledo 2.0;Испания;ES
Mitsubishi;Toppo;Япония;JP
Ford;Torino;США;US
Honda;Torneo;Япония;JP
Volkswagen;Touareg 2.5;Германия;DE
Volkswagen;Touareg 3.0;Германия;DE
Volkswagen;Touareg 3.6;Германия;DE
Volkswagen;Touareg 4.2;Германия;DE
Volkswagen;Touareg 6.0;Германия;DE
Volkswagen;Touran;Германия;DE
Volkswagen;Touran 1.4;Германия;DE
Volkswagen;Touran 1.6;Германия;DE
Volkswagen;Touran 1.9;Германия;DE
Volkswagen;Touran 2.0;Германия;DE
Toyota;Touring HiAce;Япония;JP
Ford;Tourneo Connect 65 SWB 1.8;США;US
Ford;Tourneo Connect 700 LWB 1.8;США;US
Ford;Tourneo Connect 80 LWB 1.8;США;US
Ford;Tourneo Custom;США;US
Toyota;Town Ace;Япония;JP
Mitsubishi;Town Box;Япония;JP
Lincoln;Town Car;США;US
Kia;Towner;Корея;KR
Chevrolet;Tracker;США;US
Renault;Trafic;Франция;FR
Chevrolet;TrailBlazer;США;US
Chevrolet;TrailBlazer SF;США;US
Hyundai;Trajet;Корея;KR
Pontiac;Trans Sport 3.4;США;US
Ford;Transit Connect 65 SWB 1.8;США;US
Ford;Transit Connect 700 LWB 1.8;США;US
Ford;Transit Connect 80 SWB 1.8;США;US
Ford;Transit Connect 900 LWB 1.8;США;US
Ford;Transit Custom;США;US
Volkswagen;Transporter;Германия;DE
Peugeot;Traveller;Франция;FR
Chevrolet;Traverse;США;US
Subaru;Traviq;Япония;JP
Chevrolet;Trax;США;US
Mitsubishi;Tredia;Япония;JP
Subaru;Trezia;Япония;JP
Citroen;TrialBlazer;Франция;FR
Subaru;Tribeca Luxury;Япония;JP
Mazda;Tribute;Япония;JP
Mitsubishi;Triton;Япония;JP
Hyundai;Tucson;Корея;KR
Hyundai;Tucson GL 2.0;Корея;KR
Hyundai;Tucson GLS 2.0;Корея;KR
Hyundai;Tucson GLS 2.7;Корея;KR
Geely;Tugella;Китай;CN
Toyota;Tundra;Япония;JP
TVR;Tuscan 3.6;Виргинские о-ва (Британские);VG
TVR;Tuscan 4.0;Виргинские о-ва (Британские);VG
Renault;Twingo;Франция;FR
Bugatti;Type 41 Royale;Франция;FR
УАЗ;UAZ Hunter Classic;Россия;RU
УАЗ;UAZ Hunter Comfort;Россия;RU
УАЗ;UAZ Hunter Diesel;Россия;RU
УАЗ;UAZ Patriot;Россия;RU
УАЗ;UAZ Pickup Classic;Россия;RU
УАЗ;UAZ Pickup Comfort;Россия;RU
Changan;UNI-K;Китай;CN
Changan;UNI-V;Китай;CN
Changan;UNI_T;Китай;CN
Fiat;Ulysse;Италия;IT
Fiat;Uno;Италия;IT
Toyota;Urban Cruiser;Япония;JP
Datsun;Urvan;Япония;JP
Nissan;Urvan;Япония;JP
Mercedes;V-Class;Германия;DE
FAW;V2;Китай;CN
Volvo;V40;Швеция;SE
Volvo;V40 Cross Country;Швеция;SE
FAW;V5;Китай;CN
Volvo;V50;Швеция;SE
Volvo;V50 1.6;Швеция;SE
Volvo;V50 1.8;Швеция;SE
Volvo;V50 2.4;Швеция;SE
Volvo;V60;Швеция;SE
Volvo;V60 Cross Country;Швеция;SE
Volvo;V70;Швеция;SE
Volvo;V70 2.5;Швеция;SE
Aston Martin;V8 5.3;Виргинские о-ва (Британские);VG
Aston Martin;V8 Vantage Le Mans 5.3;Виргинские о-ва (Британские);VG
Aston Martin;V8 Vantage Le Mans 600 5.3;Виргинские о-ва (Британские);VG
Aston Martin;V8 Vantage Le Mans Volante 5.3;Виргинские о-ва (Британские);VG
Volvo;V90;Швеция;SE
Volvo;V90 Cross Country;Швеция;SE
Kia;VENGA;Корея;KR
Saturn;VUE;США;US
Saturn;VUE 2.2 i;США;US
Saturn;VUE 3.0 i;США;US
Saturn;VUE 3.5 i;США;US
Honda;Vamos;Япония;JP
Mercedes;Vaneo;Германия;DE
Nissan;Vanette;Япония;JP
Toyota;Vanguard;Япония;JP
Aston Martin;Vanquish 5.9;Виргинские о-ва (Британские);VG
Opel;Vectra Caravan;Германия;DE
Opel;Vectra Caravan 1.8;Германия;DE
Opel;Vectra Caravan 2.0;Германия;DE
Opel;Vectra Caravan 2.2;Германия;DE
Opel;Vectra Caravan 2.8;Германия;DE
Opel;Vectra Caravan OPC;Германия;DE
Opel;Vectra Caravan OPC 2.8;Германия;DE
Opel;Vectra GTS;Германия;DE
Opel;Vectra GTS 1.6;Германия;DE
Opel;Vectra GTS 1.8;Германия;DE
Opel;Vectra GTS 2.0;Германия;DE
Opel;Vectra GTS 2.2;Германия;DE
Opel;Vectra GTS 2.8;Германия;DE
Opel;Vectra GTS OPC;Германия;DE
Opel;Vectra GTS OPC 2.8;Германия;DE
Opel;Vectra OPC;Германия;DE
Opel;Vectra Sedan;Германия;DE
Opel;Vectra Sedan 1.6;Германия;DE
Opel;Vectra Sedan 1.8;Германия;DE
Opel;Vectra Sedan 1.9;Германия;DE
Opel;Vectra Sedan 2.0;Германия;DE
Opel;Vectra Sedan 2.2;Германия;DE
Opel;Vectra Sedan 2.8;Германия;DE
TagAZ;Vega;Россия;RU
Renault;Vel Satis;Франция;FR
Renault;Vel Sis Cote d'Azur;Франция;FR
Renault;Vel Sis Cote d'Azur 2.0;Франция;FR
Renault;Vel Sis Expression;Франция;FR
Renault;Vel Sis Expression 2.0;Франция;FR
Renault;Vel Sis Initiale;Франция;FR
Renault;Vel Sis Initiale 3.5;Франция;FR
Toyota;Vellfire;Япония;JP
Hyundai;Veloster;Корея;KR
Volkswagen;Vento;Германия;DE
Hyundai;Venue;Корея;KR
Toyota;Venza;Япония;JP
Mazda;Verisa;Япония;JP
Hyundai;Verna;Корея;KR
Suzuki;Verona;Япония;JP
Toyota;Verossa;Япония;JP
Nissan;Versa;Япония;JP
Lincoln;Versailles;США;US
Toyota;Verso;Япония;JP
Toyota;Verso-S;Япония;JP
Chery;Very (A13);Китай;CN
LADA;Vesta;Россия;RU
LADA;Vesta Cross;Россия;RU
LADA;Vesta SW Cross;Россия;RU
Bugatti;Veyron Fbg Hermes;Франция;FR
Bugatti;Veyron Pure Sang;Франция;FR
Honda;Vezel;Япония;JP
Mercedes;Viano 2.0;Германия;DE
Mercedes;Viano 2.2;Германия;DE
Mercedes;Viano 3.5;Германия;DE
Pontiac;Vibe 1.8;США;US
Mitsuoka;Viewt 1200;Япония;JP
Mitsuoka;Viewt 1400;Япония;JP
Mitsuoka;Viewt 1500;Япония;JP
Datsun;Violet;Япония;JP
Toyota;Vios;Япония;JP
Dodge;Viper;США;US
Aston Martin;VirageVantage;Виргинские о-ва (Британские);VG
Geely;Vision 1.8;Китай;CN
Geely;Vision Comfort;Китай;CN
Geely;VisionBase;Китай;CN
Geely;VisionElegance;Китай;CN
Toyota;Vista;Япония;JP
Kia;Visto;Корея;KR
FAW;Vita;Китай;CN
Opel;Vita;Германия;DE
FAW;Vita 1.3;Китай;CN
FAW;Vita 1.5;Китай;CN
FAW;Vita 3;Китай;CN
Suzuki;Vitara;Япония;JP
Mercedes;Vito;Германия;DE
Toyota;Vitz;Япония;JP
Chevrolet;Viva;США;US
Opel;Vivaro;Германия;DE
Subaru;Vivio;Япония;JP
ГАЗ;Volga Siber 2.0;Россия;RU
ГАЗ;Volga Siber 2.4;Россия;RU
Chevrolet;Volt;США;US
Toyota;Voltz;Япония;JP
TagAZ;Vortex Estina 2.0;Россия;RU
TagAZ;Vortex Tingo;Россия;RU
Toyota;Voxy;Япония;JP
Mercedes;W100;Германия;DE
Mercedes;W105;Германия;DE
Mercedes;W108;Германия;DE
Mercedes;W110;Германия;DE
Mercedes;W111;Германия;DE
Mercedes;W114;Германия;DE
Mercedes;W115;Германия;DE
Mercedes;W120;Германия;DE
Mercedes;W121;Германия;DE
Mercedes;W123;Германия;DE
Mercedes;W124;Германия;DE
Mercedes;W128;Германия;DE
Mercedes;W136;Германия;DE
Mercedes;W138;Германия;DE
Mercedes;W142;Германия;DE
Mercedes;W180;Германия;DE
Mercedes;W186;Германия;DE
Mercedes;W188;Германия;DE
Mercedes;W189;Германия;DE
Mercedes;W191;Германия;DE
Mercedes;W21;Германия;DE
Mercedes;W29;Германия;DE
Dodge;WC Series;США;US
Subaru;WRX;Япония;JP
Subaru;WRX STi;Япония;JP
Suzuki;Wagon R;Япония;JP
Suzuki;Wagon R+;Япония;JP
Proton;Waja 1.6;Малайзия;MY
Proton;Waja 1.8;Малайзия;MY
Toyota;WiLL;Япония;JP
Toyota;WiLL Cypha;Япония;JP
Toyota;Wigo;Япония;JP
Toyota;Wildlander;Япония;JP
Renault;Wind;Франция;FR
Toyota;Windom;Япония;JP
Great Wall;Wingle;Китай;CN
Great Wall;Wingle 2.8;Китай;CN
Nissan;Wingroad;Япония;JP
Toyota;Wish;Япония;JP
Jeep;Wrangler 2D 2.8;США;US
Jeep;Wrangler 2D 3.8;США;US
Jeep;Wrangler 4D 3.8;США;US
Suzuki;X-90;Япония;JP
Mercedes;X-Class;Германия;DE
Nissan;X-Terra;Япония;JP
Nissan;X-Trail LE;Япония;JP
Nissan;X-Trail LE 2.0;Япония;JP
Nissan;X-Trail LE 2.5;Япония;JP
Nissan;X-Trail SE;Япония;JP
Nissan;X-Trail SE 2.0;Япония;JP
Nissan;X-Trail SE 2.5;Япония;JP
Nissan;X-Trail SiV 2.5;Япония;JP
Jaguar;X-Type Estate 2.0;Виргинские о-ва (Британские);VG
Jaguar;X-Type Estate 2.2;Виргинские о-ва (Британские);VG
Jaguar;X-Type Estate 2.5;Виргинские о-ва (Британские);VG
Jaguar;X-Type Saloon 2.0;Виргинские о-ва (Британские);VG
Jaguar;X-Type Saloon 2.2;Виргинские о-ва (Британские);VG
Jaguar;X-Type Saloon 2.5;Виргинские о-ва (Британские);VG
Jaguar;X-Type Saloon 3.0;Виргинские о-ва (Британские);VG
BMW;X3;Германия;DE
BMW;X3 xDrive30d;Германия;DE
BMW;X4;Германия;DE
BMW;X5;Германия;DE
BMW;X6;Германия;DE
LANDWIND;X6 2.4;Китай;CN
LANDWIND;X6 2.8;Китай;CN
BMW;X7;Германия;DE
Volvo;XC40;Швеция;SE
Volvo;XC60;Швеция;SE
Volvo;XC70;Швеция;SE
Volvo;XC70 3.2;Швеция;SE
Volvo;XC90;Швеция;SE
Volvo;XC90 2.5;Швеция;SE
Volvo;XC90 3.2;Швеция;SE
Kia;XCeed;Корея;KR
Jaguar;XF 3.0;Виргинские о-ва (Британские);VG
Jaguar;XF 4.2 Premium Luxury;Виргинские о-ва (Британские);VG
Jaguar;XF 4.2 Super V8;Виргинские о-ва (Британские);VG
Jaguar;XJ 3.0 Executive;Виргинские о-ва (Британские);VG
Jaguar;XJ 3.5 Executive;Виргинские о-ва (Британские);VG
Jaguar;XJ 4.2 Sovereign;Виргинские о-ва (Британские);VG
Jaguar;XJ 4.2 Supercharged;Виргинские о-ва (Британские);VG
Daihatsu;XJ 40. 81;Япония;JP
Jaguar;XJ Daimler 4.2 Supercharged;Виргинские о-ва (Британские);VG
Jaguar;XK Convertible;Виргинские о-ва (Британские);VG
Jaguar;XK Coupe;Виргинские о-ва (Британские);VG
Jaguar;XKR Convertible;Виргинские о-ва (Британские);VG
Jaguar;XKR Coupe;Виргинские о-ва (Британские);VG
Volkswagen;XL1;Германия;DE
BMW;XM;Германия;DE
LADA;XRAY;Россия;RU
LADA;XRAY Cross;Россия;RU
Cadillac;XT4;США;США
Cadillac;XT5;США;США
Cadillac;XT6;США;США
Cadillac;XTS;США;США
Subaru;XV;Япония;JP
Suzuki;Xbee;Япония;JP
Mitsubishi;Xpander;Япония;JP
MG;Xpower SV 4.6 i;Виргинские о-ва (Британские);VG
MG;Xpower SV 5.0 i;Виргинские о-ва (Британские);VG
Citroen;Xsara Picasso 1.6i;Франция;FR
Citroen;Xsara Picasso 1.8i;Франция;FR
Citroen;Xsara Picasso 2.0;Франция;FR
Citroen;Xsara Picasso 2.0i;Франция;FR
Lancia;Y 1.2;Италия;IT
Lancia;Y 1.2 8;Италия;IT
Lancia;Y 1.3;Италия;IT
Lancia;Y 1.4 8;Италия;IT
Toyota;Yaris 3D;Япония;JP
Toyota;Yaris 5D;Япония;JP
Toyota;Yaris Cross;Япония;JP
Toyota;Yaris Verso;Япония;JP
Skoda;Yeti;Чешская Республика;CZ
BYD;Yuan;Китай;CN
GMC;Yucon 4.8;США;US
GMC;Yucon 4WD 5.3L;США;US
GMC;Yucon 5.3L;США;US
GMC;Yucon XL 2500 4WD 8.1L;США;US
GMC;Yucon XL 2500 8.1L;США;US
GMC;Yucon XL Denali 2500;США;US
JMC;YunBa;Китай;CN
Nissan;Z;Япония;JP
Changan;Z-Shine;Китай;CN
BMW;Z4 Coupe;Германия;DE
BMW;Z4 M Coupe;Германия;DE
BMW;Z4 M Roadster;Германия;DE
BMW;Z4 Roadster;Германия;DE
Acura;ZDX;Япония;JP
MG;ZR 1.4 i;Виргинские о-ва (Британские);VG
MG;ZR 1.8 i;Виргинские о-ва (Британские);VG
MG;ZR 2.0;Виргинские о-ва (Британские);VG
MG;ZS 1.8;Виргинские о-ва (Британские);VG
MG;ZS 2.0;Виргинские о-ва (Британские);VG
MG;ZS 2.5;Виргинские о-ва (Британские);VG
MG;ZT 1.8 i;Виргинские о-ва (Британские);VG
MG;ZT 2.0;Виргинские о-ва (Британские);VG
MG;ZT 2.5 i;Виргинские о-ва (Британские);VG
MG;ZT 4.6 i;Виргинские о-ва (Британские);VG
MG;ZT-T 1.8 i;Виргинские о-ва (Британские);VG
MG;ZT-T 2.0;Виргинские о-ва (Британские);VG
MG;ZT-T 2.5 i;Виргинские о-ва (Британские);VG
MG;ZT-T 4.6 i;Виргинские о-ва (Британские);VG
Opel;Zafira;Германия;DE
Opel;Zafira 1.6;Германия;DE
Opel;Zafira 1.8;Германия;DE
Opel;Zafira 1.9;Германия;DE
Opel;Zafira 2.0;Германия;DE
Opel;Zafira 2.2;Германия;DE
Opel;Zafira Life;Германия;DE
Opel;Zafira OPC;Германия;DE
Opel;Zafira OPC 2.0;Германия;DE
Toyota;Zelas;Япония;JP
Lincoln;Zephyr;США;US
Brilliance;Zunchi 2.0;Китай;CN
Brilliance;Zunchi 2.4;Китай;CN
Toyota;bB;Япония;JP
Toyota;bZ4X;Япония;JP
Mitsubishi;eK Active;Япония;JP
Mitsubishi;eK Classic;Япония;JP
Mitsubishi;eK Custom;Япония;JP
Mitsubishi;eK Space;Япония;JP
Mitsubishi;eK Sport;Япония;JP
Mitsubishi;eK Wagon;Япония;JP
Mitsubishi;i;Япония;JP
Mitsubishi;i-MiEV;Япония;JP
Hyundai;i20;Корея;KR
BMW;i3;Германия;DE
Hyundai;i30 1.4;Корея;KR
Hyundai;i30 1.6;Корея;KR
Hyundai;i40;Корея;KR
BMW;i7;Германия;DE
GAC;iA5;Китай;CN
JAC;iEV7L;Китай;CN
JAC;iEV7S;Китай;CN
JAC;iEVA50;Китай;CN
JAC;iEVS4;Китай;CN
Toyota;iQ;Япония;JP
BMW;iX;Германия;DE
Hyundai;iX35;Корея;KR
DongFeng;iX5;Китай;CN
Hyundai;ix55 Base 3.8;Корея;KR
Hyundai;ix55 Luxury 3.8;Корея;KR
Hyundai;ix55 Ultimate 3.8;Корея;KR
Datsun;mi-DO;Япония;JP
Datsun;on-DO;Япония;JP
Dodge;Аvenger 2.4;США;US
УАЗ;Астеро;Россия;RU
Alpina;В10;Германия;DE
Alpina;В12;Германия;DE
Alpina;В3;Германия;DE
Alpina;В6;Германия;DE
Alpina;В7;Германия;DE
Alpina;В8;Германия;DE
LADA;"ВАЗ-11173 ""Калина"" 430-30";Россия;RU
LADA;"ВАЗ-11173 ""Калина"" 430-34";Россия;RU
LADA;"ВАЗ-11174 ""Калина"" 014-30";Россия;RU
LADA;"ВАЗ-11183 ""Калина"" 010-30";Россия;RU
LADA;"ВАЗ-11183 ""Калина"" 010-34";Россия;RU
LADA;"ВАЗ-11184 ""Калина"" 014-30";Россия;RU
LADA;"ВАЗ-11184 ""Калина"" 015-33";Россия;RU
LADA;"ВАЗ-11184 ""Калина"" 016-33";Россия;RU
LADA;"ВАЗ-11193 ""Калина"" 010-30";Россия;RU
LADA;"ВАЗ-11193 ""Калина"" 010-34";Россия;RU
LADA;"ВАЗ-11193 ""Калина"" 014-30";Россия;RU
LADA;"ВАЗ-11194 ""Калина"" 014-30";Россия;RU
LADA;"ВАЗ-11194 ""Калина"" 016-33";Россия;RU
LADA;"ВАЗ-11194 ""Калина"" 076-33";Россия;RU
LADA;"ВАЗ-11196 ""Калина Спорт""33-474";Россия;RU
LADA;ВАЗ-21041 082-30;Россия;RU
LADA;ВАЗ-21041 084-30;Россия;RU
LADA;ВАЗ-21043;Россия;RU
LADA;ВАЗ-21054 010-30;Россия;RU
LADA;ВАЗ-2106;Россия;RU
LADA;ВАЗ-21074 010-30;Россия;RU
LADA;ВАЗ-21114;Россия;RU
LADA;ВАЗ-21114 031-51;Россия;RU
LADA;ВАЗ-21123 030-00;Россия;RU
LADA;ВАЗ-21124 031-52;Россия;RU
LADA;ВАЗ-21134 010-20;Россия;RU
LADA;ВАЗ-21134 010-22;Россия;RU
LADA;ВАЗ-21144 010-20;Россия;RU
LADA;ВАЗ-21144 010-22;Россия;RU
LADA;ВАЗ-21154 010-20;Россия;RU
LADA;ВАЗ-21154 010-22;Россия;RU
LADA;ВАЗ-21214 030-20;Россия;RU
LADA;ВАЗ-21310 031-41;Россия;RU
LADA;"ВАЗ-21701 ""PRIORA"" 010-00";Россия;RU
LADA;"ВАЗ-21703 ""PRIORA"" 011-01";Россия;RU
LADA;"ВАЗ-21703 ""PRIORA"" 015-01";Россия;RU
LADA;"ВАЗ-21703 ""PRIORA"" 018-01";Россия;RU
LADA;"ВАЗ-21703 ""PRIORA"" 018-03";Россия;RU
LADA;"ВАЗ-21703-28 ""PRIORA"" 1";Россия;RU
LADA;"ВАЗ-21723 ""PRIORA"" 010-01";Россия;RU
LADA;"ВАЗ-21723 ""PRIORA"" 018-02";Россия;RU
LADA;"ВАЗ-21922 ""Калина""";Россия;RU
ГАЗ;ГАЗ-3102;Россия;RU
ГАЗ;ГАЗ-310221;Россия;RU
ГАЗ;ГАЗ-31105;Россия;RU
ГАЗ;ГАЗ-311055;Россия;RU
LADA;Гранта;Россия;RU
Mercedes;МЕРСЕДЕС-БЕНЦ A45 AMG 4MATIC;Германия;DE
ТагАЗ;С190;Россия;RU
Citroen;С2 1.4i;Франция;FR
Citroen;С2 1.6i;Франция;FR
Citroen;С3 1.1i;Франция;FR
Citroen;С3 1.4i;Франция;FR
Mazda;СX-5;Япония;JP
ЗАЗ;Т-100;Украина;UA
ЗАЗ;Т-150;Украина;UA
JMC;пикап;Китай;CN
